    realm    | month | day | hour | count 
-------------+-------+-----+------+-------
 dce.wwe     |     8 |  30 |    0 |     1
 dce.ssport  |     8 |  30 |    0 |     3
 dce.imgott  |     8 |  30 |    0 |     2
 dce.seriea  |     8 |  30 |    0 |     2
 dce.seriea  |     8 |  30 |    1 |     7
 dce.ssport  |     8 |  30 |    1 |     1
 dce.seriea  |     8 |  30 |    2 |     5
 dce.fivb    |     8 |  30 |    2 |     1
 dce.imgott  |     8 |  30 |    2 |     1
 dce.seriea  |     8 |  30 |    3 |     3
 dce.imgott  |     8 |  30 |    3 |     1
 dce.ssport  |     8 |  30 |    3 |     2
 dce.fivb    |     8 |  30 |    3 |     1
 dce.seriea  |     8 |  30 |    4 |     4
 dce.ssport  |     8 |  30 |    4 |     2
 dce.imgott  |     8 |  30 |    4 |     2
 dce.seriea  |     8 |  30 |    5 |     3
 dce.imgott  |     8 |  30 |    5 |     6
 dce.ssport  |     8 |  30 |    5 |     4
 dce.imgott  |     8 |  30 |    6 |     4
 dce.ssport  |     8 |  30 |    6 |     6
 dce.seriea  |     8 |  30 |    6 |     1
 dce.imgott  |     8 |  30 |    7 |     8
 dce.ssport  |     8 |  30 |    7 |     9
 dce.seriea  |     8 |  30 |    7 |     1
 dce.imgott  |     8 |  30 |    8 |    12
 dce.ssport  |     8 |  30 |    8 |     7
 dce.seriea  |     8 |  30 |    8 |     1
 dce.imgott  |     8 |  30 |    9 |    11
 dce.seriea  |     8 |  30 |    9 |     1
 dce.ssport  |     8 |  30 |    9 |     3
 dce.ssport  |     8 |  30 |   10 |     7
 dce.imgott  |     8 |  30 |   10 |    13
 dce.seriea  |     8 |  30 |   10 |     3
 dce.imgott  |     8 |  30 |   11 |    21
 dce.seriea  |     8 |  30 |   11 |     6
 dce.ssport  |     8 |  30 |   11 |     6
 dce.imgott  |     8 |  30 |   12 |    14
 dce.seriea  |     8 |  30 |   12 |     8
 dce.ssport  |     8 |  30 |   12 |     1
 dce.imgott  |     8 |  30 |   13 |    16
 dce.sandbox |     8 |  30 |   13 |     1
 dce.seriea  |     8 |  30 |   13 |     7
 dce.fivb    |     8 |  30 |   13 |     2
 dce.ssport  |     8 |  30 |   13 |     7
 dce.seriea  |     8 |  30 |   14 |    10
 dce.imgott  |     8 |  30 |   14 |    16
 dce.ssport  |     8 |  30 |   14 |     3
 dce.imgott  |     8 |  30 |   15 |    19
 dce.pbr     |     8 |  30 |   15 |     1
 dce.seriea  |     8 |  30 |   15 |     6
 dce.ssport  |     8 |  30 |   15 |     8
 dce.seriea  |     8 |  30 |   16 |     6
 dce.imgott  |     8 |  30 |   16 |    17
 dce.ssport  |     8 |  30 |   16 |     4
 dce.pbr     |     8 |  30 |   16 |     1
 dce.ssport  |     8 |  30 |   17 |     8
 dce.imgott  |     8 |  30 |   17 |    25
 dce.seriea  |     8 |  30 |   17 |    11
 dce.ssport  |     8 |  30 |   18 |     8
 dce.imgott  |     8 |  30 |   18 |    35
 dce.seriea  |     8 |  30 |   18 |    14
 dce.imgott  |     8 |  30 |   19 |    21
 dce.seriea  |     8 |  30 |   19 |    12
 dce.ssport  |     8 |  30 |   19 |     8
 dce.seriea  |     8 |  30 |   20 |     8
 dce.imgott  |     8 |  30 |   20 |    22
 dce.ssport  |     8 |  30 |   20 |    13
 dce.ssport  |     8 |  30 |   21 |     4
 dce.seriea  |     8 |  30 |   21 |     6
 dce.imgott  |     8 |  30 |   21 |    15
 dce.fivb    |     8 |  30 |   21 |     1
 dce.seriea  |     8 |  30 |   22 |     9
 dce.imgott  |     8 |  30 |   22 |    11
 dce.ssport  |     8 |  30 |   22 |     6
 dce.imgott  |     8 |  30 |   23 |     4
 dce.ssport  |     8 |  30 |   23 |     7
 dce.seriea  |     8 |  30 |   23 |     6
 dce.ssport  |     8 |  31 |    0 |     2
 dce.seriea  |     8 |  31 |    0 |     8
 dce.imgott  |     8 |  31 |    0 |     3
 dce.ssport  |     8 |  31 |    1 |     2
 dce.seriea  |     8 |  31 |    1 |    10
 dce.seriea  |     8 |  31 |    2 |    10
 dce.seriea  |     8 |  31 |    3 |    11
 dce.imgott  |     8 |  31 |    3 |     2
 dce.imgott  |     8 |  31 |    4 |    10
 dce.seriea  |     8 |  31 |    4 |     4
 dce.ssport  |     8 |  31 |    4 |     3
 dce.seriea  |     8 |  31 |    5 |    12
 dce.ssport  |     8 |  31 |    5 |     1
 dce.fivb    |     8 |  31 |    5 |     1
 dce.imgott  |     8 |  31 |    5 |    11
 dce.imgott  |     8 |  31 |    6 |    12
 dce.ssport  |     8 |  31 |    6 |     8
 dce.seriea  |     8 |  31 |    6 |     5
 dce.imgott  |     8 |  31 |    7 |    30
 dce.ssport  |     8 |  31 |    7 |    18
 dce.seriea  |     8 |  31 |    7 |     3
 dce.seriea  |     8 |  31 |    8 |     7
 dce.imgott  |     8 |  31 |    8 |    35
 dce.sandbox |     8 |  31 |    8 |     1
 dce.ssport  |     8 |  31 |    8 |    16
 dce.fivb    |     8 |  31 |    8 |     1
 dce.ssport  |     8 |  31 |    9 |    19
 dce.imgott  |     8 |  31 |    9 |    38
 dce.seriea  |     8 |  31 |    9 |     7
 dce.seriea  |     8 |  31 |   10 |     3
 dce.imgott  |     8 |  31 |   10 |    47
 dce.sandbox |     8 |  31 |   10 |     1
 dce.ssport  |     8 |  31 |   10 |     8
 dce.fivb    |     8 |  31 |   10 |     2
 dce.imgott  |     8 |  31 |   11 |    39
 dce.seriea  |     8 |  31 |   11 |     9
 dce.ssport  |     8 |  31 |   11 |     6
 dce.ssport  |     8 |  31 |   12 |    15
 dce.imgott  |     8 |  31 |   12 |    33
 dce.seriea  |     8 |  31 |   12 |    21
 dce.seriea  |     8 |  31 |   13 |    32
 dce.imgott  |     8 |  31 |   13 |    73
 dce.ssport  |     8 |  31 |   13 |     9
 dce.imgott  |     8 |  31 |   14 |    92
 dce.fivb    |     8 |  31 |   14 |     1
 dce.seriea  |     8 |  31 |   14 |    27
 dce.ssport  |     8 |  31 |   14 |    13
 dce.seriea  |     8 |  31 |   15 |    31
 dce.imgott  |     8 |  31 |   15 |   109
 dce.fivb    |     8 |  31 |   15 |     1
 dce.ssport  |     8 |  31 |   15 |    23
 dce.fivb    |     8 |  31 |   16 |     2
 dce.imgott  |     8 |  31 |   16 |   170
 dce.seriea  |     8 |  31 |   16 |    36
 dce.ssport  |     8 |  31 |   16 |    15
 dce.imgott  |     8 |  31 |   17 |   268
 dce.ssport  |     8 |  31 |   17 |    14
 dce.seriea  |     8 |  31 |   17 |    53
 dce.imgott  |     8 |  31 |   18 |   626
 dce.seriea  |     8 |  31 |   18 |   212
 dce.ssport  |     8 |  31 |   18 |    20
 dce.imgott  |     8 |  31 |   19 |   285
 dce.seriea  |     8 |  31 |   19 |   132
 dce.ssport  |     8 |  31 |   19 |    21
 dce.imgott  |     8 |  31 |   20 |    68
 dce.seriea  |     8 |  31 |   20 |    52
 dce.ssport  |     8 |  31 |   20 |    13
 dce.seriea  |     8 |  31 |   21 |    16
 dce.imgott  |     8 |  31 |   21 |    23
 dce.fivb    |     8 |  31 |   21 |     2
 dce.ssport  |     8 |  31 |   21 |    19
 dce.imgott  |     8 |  31 |   22 |     7
 dce.seriea  |     8 |  31 |   22 |    18
 dce.ssport  |     8 |  31 |   22 |    10
 dce.ssport  |     8 |  31 |   23 |     5
 dce.seriea  |     8 |  31 |   23 |    17
 dce.imgott  |     8 |  31 |   23 |     7
 dce.ssport  |     9 |   1 |    0 |     2
 dce.seriea  |     9 |   1 |    0 |     8
 dce.imgott  |     9 |   1 |    0 |     3
 dce.seriea  |     9 |   1 |    1 |    13
 dce.ssport  |     9 |   1 |    1 |     1
 dce.imgott  |     9 |   1 |    1 |     2
 dce.seriea  |     9 |   1 |    2 |    15
 dce.imgott  |     9 |   1 |    2 |     4
 dce.ssport  |     9 |   1 |    2 |     1
 dce.seriea  |     9 |   1 |    3 |    17
 dce.imgott  |     9 |   1 |    3 |     3
 dce.ssport  |     9 |   1 |    3 |     1
 dce.seriea  |     9 |   1 |    4 |    12
 dce.imgott  |     9 |   1 |    4 |     5
 dce.seriea  |     9 |   1 |    5 |     7
 dce.imgott  |     9 |   1 |    5 |    15
 dce.ssport  |     9 |   1 |    5 |     5
 dce.imgott  |     9 |   1 |    6 |    27
 dce.ssport  |     9 |   1 |    6 |    12
 dce.seriea  |     9 |   1 |    6 |     7
 dce.seriea  |     9 |   1 |    7 |     9
 dce.imgott  |     9 |   1 |    7 |    35
 dce.ssport  |     9 |   1 |    7 |     8
 dce.imgott  |     9 |   1 |    8 |    49
 dce.ssport  |     9 |   1 |    8 |    10
 dce.seriea  |     9 |   1 |    8 |     1
 dce.imgott  |     9 |   1 |    9 |    55
 dce.seriea  |     9 |   1 |    9 |     5
 dce.ssport  |     9 |   1 |    9 |    43
 dce.imgott  |     9 |   1 |   10 |    68
 dce.ssport  |     9 |   1 |   10 |    15
 dce.seriea  |     9 |   1 |   10 |     4
 dce.fivb    |     9 |   1 |   10 |     1
 dce.seriea  |     9 |   1 |   11 |    13
 dce.imgott  |     9 |   1 |   11 |    75
 dce.ssport  |     9 |   1 |   11 |    68
 dce.ssport  |     9 |   1 |   12 |    39
 dce.imgott  |     9 |   1 |   12 |    80
 dce.seriea  |     9 |   1 |   12 |    12
 dce.ssport  |     9 |   1 |   13 |    50
 dce.imgott  |     9 |   1 |   13 |    77
 dce.seriea  |     9 |   1 |   13 |    39
 dce.imgott  |     9 |   1 |   14 |   110
 dce.ssport  |     9 |   1 |   14 |    30
 dce.seriea  |     9 |   1 |   14 |    52
 dce.seriea  |     9 |   1 |   15 |    63
 dce.imgott  |     9 |   1 |   15 |   142
 dce.ssport  |     9 |   1 |   15 |    20
 dce.fivb    |     9 |   1 |   15 |     1
 dce.ssport  |     9 |   1 |   16 |    18
 dce.seriea  |     9 |   1 |   16 |    83
 dce.imgott  |     9 |   1 |   16 |   226
 dce.ssport  |     9 |   1 |   17 |    13
 dce.imgott  |     9 |   1 |   17 |   271
 dce.seriea  |     9 |   1 |   17 |   101
 dce.imgott  |     9 |   1 |   18 |   891
 dce.seriea  |     9 |   1 |   18 |   263
 dce.ssport  |     9 |   1 |   18 |    11
 dce.imgott  |     9 |   1 |   19 |   370
 dce.seriea  |     9 |   1 |   19 |   140
 dce.ssport  |     9 |   1 |   19 |     4
 dce.fivb    |     9 |   1 |   19 |     1
 dce.ssport  |     9 |   1 |   20 |    13
 dce.imgott  |     9 |   1 |   20 |    81
 dce.seriea  |     9 |   1 |   20 |    35
 dce.imgott  |     9 |   1 |   21 |    23
 dce.ssport  |     9 |   1 |   21 |    10
 dce.seriea  |     9 |   1 |   21 |    12
 dce.fivb    |     9 |   1 |   21 |     2
 dce.ssport  |     9 |   1 |   22 |     7
 dce.seriea  |     9 |   1 |   22 |     8
 dce.imgott  |     9 |   1 |   22 |     8
 dce.seriea  |     9 |   1 |   23 |    10
 dce.ssport  |     9 |   1 |   23 |     3
 dce.imgott  |     9 |   1 |   23 |    10
 dce.imgott  |     9 |   2 |    0 |     5
 dce.seriea  |     9 |   2 |    0 |     9
 dce.ssport  |     9 |   2 |    0 |     1
 dce.seriea  |     9 |   2 |    1 |     6
 dce.ssport  |     9 |   2 |    1 |     1
 dce.imgott  |     9 |   2 |    1 |     1
 dce.seriea  |     9 |   2 |    2 |     9
 dce.imgott  |     9 |   2 |    3 |     1
 dce.seriea  |     9 |   2 |    3 |     7
 dce.ssport  |     9 |   2 |    3 |     2
 dce.fivb    |     9 |   2 |    3 |     2
 dce.seriea  |     9 |   2 |    4 |     8
 dce.ssport  |     9 |   2 |    4 |     2
 dce.imgott  |     9 |   2 |    4 |     5
 dce.seriea  |     9 |   2 |    5 |     6
 dce.imgott  |     9 |   2 |    5 |     9
 dce.ssport  |     9 |   2 |    5 |     2
 dce.ssport  |     9 |   2 |    6 |    10
 dce.imgott  |     9 |   2 |    6 |    16
 dce.seriea  |     9 |   2 |    6 |     3
 dce.ssport  |     9 |   2 |    7 |    13
 dce.imgott  |     9 |   2 |    7 |    38
 dce.seriea  |     9 |   2 |    7 |     2
 dce.imgott  |     9 |   2 |    8 |    39
 dce.ssport  |     9 |   2 |    8 |    14
 dce.seriea  |     9 |   2 |    8 |     1
 dce.seriea  |     9 |   2 |    9 |     5
 dce.imgott  |     9 |   2 |    9 |    87
 dce.ssport  |     9 |   2 |    9 |    17
 dce.fivb    |     9 |   2 |    9 |     2
 dce.imgott  |     9 |   2 |   10 |   100
 dce.seriea  |     9 |   2 |   10 |     2
 dce.ssport  |     9 |   2 |   10 |    26
 dce.fivb    |     9 |   2 |   10 |     1
 dce.imgott  |     9 |   2 |   11 |    89
 dce.ssport  |     9 |   2 |   11 |    38
 dce.seriea  |     9 |   2 |   11 |     4
 dce.imgott  |     9 |   2 |   12 |    66
 dce.seriea  |     9 |   2 |   12 |    10
 dce.ssport  |     9 |   2 |   12 |    57
 dce.ssport  |     9 |   2 |   13 |    65
 dce.imgott  |     9 |   2 |   13 |    93
 dce.seriea  |     9 |   2 |   13 |     8
 dce.ssport  |     9 |   2 |   14 |    22
 dce.imgott  |     9 |   2 |   14 |   127
 dce.fivb    |     9 |   2 |   14 |     2
 dce.seriea  |     9 |   2 |   14 |     8
 dce.imgott  |     9 |   2 |   15 |   305
 dce.seriea  |     9 |   2 |   15 |    25
 dce.ssport  |     9 |   2 |   15 |    11
 dce.ssport  |     9 |   2 |   16 |    17
 dce.seriea  |     9 |   2 |   16 |    15
 dce.imgott  |     9 |   2 |   16 |   752
 dce.fivb    |     9 |   2 |   16 |     1
 dce.imgott  |     9 |   2 |   17 |   417
 dce.seriea  |     9 |   2 |   17 |    13
 dce.ssport  |     9 |   2 |   17 |    25
 dce.imgott  |     9 |   2 |   18 |   171
 dce.ssport  |     9 |   2 |   18 |     6
 dce.seriea  |     9 |   2 |   18 |    16
 dce.fivb    |     9 |   2 |   18 |     1
 dce.imgott  |     9 |   2 |   19 |    89
 dce.ssport  |     9 |   2 |   19 |     4
 dce.seriea  |     9 |   2 |   19 |    13
 dce.fivb    |     9 |   2 |   19 |     2
 dce.seriea  |     9 |   2 |   20 |     9
 dce.imgott  |     9 |   2 |   20 |    37
 dce.ssport  |     9 |   2 |   20 |     3
 dce.seriea  |     9 |   2 |   21 |     2
 dce.fivb    |     9 |   2 |   21 |     1
 dce.imgott  |     9 |   2 |   21 |     8
 dce.ssport  |     9 |   2 |   21 |     5
 dce.seriea  |     9 |   2 |   22 |     5
 dce.imgott  |     9 |   2 |   22 |     4
 dce.ssport  |     9 |   2 |   23 |     1
 dce.imgott  |     9 |   2 |   23 |     2
 dce.seriea  |     9 |   2 |   23 |     6
 dce.fivb    |     9 |   2 |   23 |     1
 dce.fivb    |     9 |   3 |    0 |     2
 dce.ssport  |     9 |   3 |    0 |     2
 dce.seriea  |     9 |   3 |    0 |     5
 dce.imgott  |     9 |   3 |    0 |     1
 dce.seriea  |     9 |   3 |    1 |     3
 dce.imgott  |     9 |   3 |    1 |     1
 dce.ssport  |     9 |   3 |    1 |     1
 dce.fivb    |     9 |   3 |    2 |     1
 dce.seriea  |     9 |   3 |    2 |     3
 dce.imgott  |     9 |   3 |    2 |     1
 dce.imgott  |     9 |   3 |    3 |     1
 dce.ssport  |     9 |   3 |    3 |     1
 dce.seriea  |     9 |   3 |    3 |     1
 dce.ssport  |     9 |   3 |    4 |     1
 dce.seriea  |     9 |   3 |    4 |     2
 dce.imgott  |     9 |   3 |    4 |     1
 dce.seriea  |     9 |   3 |    5 |     2
 dce.imgott  |     9 |   3 |    5 |     5
 dce.ssport  |     9 |   3 |    5 |     1
 dce.imgott  |     9 |   3 |    6 |     4
 dce.ssport  |     9 |   3 |    6 |     1
 dce.seriea  |     9 |   3 |    7 |     1
 dce.imgott  |     9 |   3 |    7 |     9
 dce.ssport  |     9 |   3 |    7 |     6
 dce.fivb    |     9 |   3 |    8 |     3
 dce.imgott  |     9 |   3 |    8 |     8
 dce.ssport  |     9 |   3 |    8 |     3
 dce.seriea  |     9 |   3 |    8 |     2
 dce.imgott  |     9 |   3 |    9 |    13
 dce.ssport  |     9 |   3 |    9 |     6
 dce.fivb    |     9 |   3 |    9 |     1
 dce.seriea  |     9 |   3 |    9 |     1
 dce.seriea  |     9 |   3 |   10 |     1
 dce.ssport  |     9 |   3 |   10 |     7
 dce.imgott  |     9 |   3 |   10 |    10
 dce.ssport  |     9 |   3 |   11 |     6
 dce.fivb    |     9 |   3 |   11 |     2
 dce.imgott  |     9 |   3 |   11 |     8
 dce.seriea  |     9 |   3 |   11 |     1
 dce.ssport  |     9 |   3 |   12 |     7
 dce.fivb    |     9 |   3 |   12 |     3
 dce.imgott  |     9 |   3 |   12 |     8
 dce.seriea  |     9 |   3 |   12 |     2
 dce.ssport  |     9 |   3 |   13 |     3
 dce.imgott  |     9 |   3 |   13 |    14
 dce.seriea  |     9 |   3 |   13 |     3
 dce.fivb    |     9 |   3 |   13 |     1
 dce.imgott  |     9 |   3 |   14 |    17
 dce.seriea  |     9 |   3 |   14 |     9
 dce.ssport  |     9 |   3 |   14 |     5
 dce.fivb    |     9 |   3 |   14 |     1
 dce.imgott  |     9 |   3 |   15 |    13
 dce.seriea  |     9 |   3 |   15 |     2
 dce.ssport  |     9 |   3 |   15 |     5
 dce.fivb    |     9 |   3 |   15 |     1
 dce.fivb    |     9 |   3 |   16 |     3
 dce.imgott  |     9 |   3 |   16 |    15
 dce.ssport  |     9 |   3 |   16 |     3
 dce.imgott  |     9 |   3 |   17 |    14
 dce.seriea  |     9 |   3 |   17 |     5
 dce.ssport  |     9 |   3 |   17 |     4
 dce.seriea  |     9 |   3 |   18 |     4
 dce.ssport  |     9 |   3 |   18 |     9
 dce.imgott  |     9 |   3 |   18 |    14
 dce.fivb    |     9 |   3 |   18 |     2
 dce.imgott  |     9 |   3 |   19 |    10
 dce.ssport  |     9 |   3 |   19 |    17
 dce.seriea  |     9 |   3 |   19 |     2
 dce.imgott  |     9 |   3 |   20 |    13
 dce.seriea  |     9 |   3 |   20 |     2
 dce.ssport  |     9 |   3 |   20 |    17
 dce.fivb    |     9 |   3 |   20 |     1
 dce.ssport  |     9 |   3 |   21 |     6
 dce.imgott  |     9 |   3 |   21 |     3
 dce.ssport  |     9 |   3 |   22 |     7
 dce.imgott  |     9 |   3 |   22 |     2
 dce.fivb    |     9 |   3 |   22 |     1
 dce.seriea  |     9 |   3 |   22 |     2
 dce.ssport  |     9 |   3 |   23 |     5
 dce.imgott  |     9 |   3 |   23 |     3
 dce.seriea  |     9 |   4 |    0 |     3
 dce.seriea  |     9 |   4 |    1 |     2
 dce.fivb    |     9 |   4 |    1 |     1
 dce.ssport  |     9 |   4 |    1 |     1
 dce.seriea  |     9 |   4 |    2 |     2
 dce.ssport  |     9 |   4 |    2 |     1
 dce.fivb    |     9 |   4 |    2 |     3
 dce.ssport  |     9 |   4 |    3 |     3
 dce.fivb    |     9 |   4 |    3 |     1
 dce.seriea  |     9 |   4 |    3 |     1
 dce.ssport  |     9 |   4 |    4 |     5
 dce.imgott  |     9 |   4 |    4 |     3
 dce.seriea  |     9 |   4 |    4 |     2
 dce.fivb    |     9 |   4 |    4 |     1
 dce.ssport  |     9 |   4 |    5 |     3
 dce.imgott  |     9 |   4 |    5 |     5
 dce.seriea  |     9 |   4 |    5 |     1
 dce.imgott  |     9 |   4 |    6 |     4
 dce.ssport  |     9 |   4 |    6 |     2
 dce.seriea  |     9 |   4 |    7 |     1
 dce.ssport  |     9 |   4 |    7 |     5
 dce.imgott  |     9 |   4 |    7 |     2
 dce.imgott  |     9 |   4 |    8 |     6
 dce.ssport  |     9 |   4 |    8 |    14
 dce.fivb    |     9 |   4 |    8 |     2
 dce.seriea  |     9 |   4 |    8 |     1
 dce.imgott  |     9 |   4 |    9 |     5
 dce.ssport  |     9 |   4 |    9 |    12
 dce.fivb    |     9 |   4 |   10 |     2
 dce.seriea  |     9 |   4 |   10 |     2
 dce.ssport  |     9 |   4 |   10 |     9
 dce.imgott  |     9 |   4 |   10 |     8
 dce.fivb    |     9 |   4 |   11 |     1
 dce.ssport  |     9 |   4 |   11 |     7
 dce.imgott  |     9 |   4 |   11 |     7
 dce.imgott  |     9 |   4 |   12 |     4
 dce.ssport  |     9 |   4 |   12 |    13
 dce.imgott  |     9 |   4 |   13 |     8
 dce.ssport  |     9 |   4 |   13 |     8
 dce.seriea  |     9 |   4 |   13 |     1
 dce.ssport  |     9 |   4 |   14 |     7
 dce.imgott  |     9 |   4 |   14 |     8
 dce.seriea  |     9 |   4 |   14 |     2
 dce.ssport  |     9 |   4 |   15 |     4
 dce.imgott  |     9 |   4 |   15 |     7
 dce.seriea  |     9 |   4 |   15 |     2
 dce.fivb    |     9 |   4 |   15 |     3
 dce.imgott  |     9 |   4 |   16 |    10
 dce.sandbox |     9 |   4 |   16 |     1
 dce.ssport  |     9 |   4 |   16 |     3
 dce.fivb    |     9 |   4 |   16 |     1
 dce.seriea  |     9 |   4 |   16 |     3
 dce.seriea  |     9 |   4 |   17 |     2
 dce.ssport  |     9 |   4 |   17 |     6
 dce.fivb    |     9 |   4 |   17 |     3
 dce.imgott  |     9 |   4 |   17 |    11
 dce.seriea  |     9 |   4 |   18 |     2
 dce.ssport  |     9 |   4 |   18 |     2
 dce.imgott  |     9 |   4 |   18 |     6
 dce.fivb    |     9 |   4 |   18 |     1
 dce.ssport  |     9 |   4 |   19 |     8
 dce.seriea  |     9 |   4 |   19 |     1
 dce.imgott  |     9 |   4 |   19 |     4
 dce.fivb    |     9 |   4 |   19 |     1
 dce.imgott  |     9 |   4 |   20 |     9
 dce.fivb    |     9 |   4 |   20 |     1
 dce.seriea  |     9 |   4 |   20 |     1
 dce.ssport  |     9 |   4 |   20 |     5
 dce.ssport  |     9 |   4 |   21 |     2
 dce.imgott  |     9 |   4 |   21 |     5
 dce.fivb    |     9 |   4 |   21 |     1
 dce.seriea  |     9 |   4 |   22 |     2
 dce.ssport  |     9 |   4 |   22 |     5
 dce.fivb    |     9 |   4 |   22 |     1
 dce.ssport  |     9 |   4 |   23 |     1
 dce.seriea  |     9 |   4 |   23 |     2
 dce.imgott  |     9 |   4 |   23 |     1
 dce.ssport  |     9 |   5 |    0 |     1
 dce.imgott  |     9 |   5 |    0 |     1
 dce.fivb    |     9 |   5 |    0 |     1
 dce.seriea  |     9 |   5 |    0 |     1
 dce.ssport  |     9 |   5 |    1 |     1
 dce.seriea  |     9 |   5 |    1 |     2
 dce.ssport  |     9 |   5 |    2 |     2
 dce.fivb    |     9 |   5 |    2 |     1
 dce.seriea  |     9 |   5 |    2 |     2
 dce.seriea  |     9 |   5 |    3 |     2
 dce.ssport  |     9 |   5 |    4 |     4
 dce.imgott  |     9 |   5 |    4 |     1
 dce.ssport  |     9 |   5 |    5 |     2
 dce.fivb    |     9 |   5 |    5 |     2
 dce.imgott  |     9 |   5 |    6 |     3
 dce.ssport  |     9 |   5 |    6 |     7
 dce.fivb    |     9 |   5 |    6 |     1
 dce.seriea  |     9 |   5 |    6 |     1
 dce.imgott  |     9 |   5 |    7 |     6
 dce.ssport  |     9 |   5 |    7 |     4
 dce.ssport  |     9 |   5 |    8 |     2
 dce.imgott  |     9 |   5 |    8 |     2
 dce.fivb    |     9 |   5 |    8 |     1
 dce.ssport  |     9 |   5 |    9 |     6
 dce.fivb    |     9 |   5 |    9 |     1
 dce.imgott  |     9 |   5 |    9 |     1
 dce.imgott  |     9 |   5 |   10 |     7
 dce.ssport  |     9 |   5 |   10 |    11
 dce.fivb    |     9 |   5 |   10 |     1
 dce.ssport  |     9 |   5 |   11 |     8
 dce.imgott  |     9 |   5 |   11 |     8
 dce.ssport  |     9 |   5 |   12 |     6
 dce.fivb    |     9 |   5 |   12 |    14
 dce.imgott  |     9 |   5 |   12 |     4
 dce.seriea  |     9 |   5 |   12 |     1
 dce.fivb    |     9 |   5 |   13 |     3
 dce.ssport  |     9 |   5 |   13 |     5
 dce.imgott  |     9 |   5 |   13 |     4
 dce.ssport  |     9 |   5 |   14 |     4
 dce.imgott  |     9 |   5 |   14 |     7
 dce.fivb    |     9 |   5 |   14 |     3
 dce.seriea  |     9 |   5 |   14 |     2
 dce.ssport  |     9 |   5 |   15 |     5
 dce.imgott  |     9 |   5 |   15 |    10
 dce.fivb    |     9 |   5 |   15 |     4
 dce.imgott  |     9 |   5 |   16 |     8
 dce.fivb    |     9 |   5 |   16 |     4
 dce.ssport  |     9 |   5 |   16 |     1
 dce.imgott  |     9 |   5 |   17 |     5
 dce.ssport  |     9 |   5 |   17 |     8
 dce.fivb    |     9 |   5 |   17 |     3
 dce.ssport  |     9 |   5 |   18 |    12
 dce.imgott  |     9 |   5 |   18 |     8
 dce.fivb    |     9 |   5 |   18 |     2
 dce.seriea  |     9 |   5 |   18 |     3
 dce.ssport  |     9 |   5 |   19 |    12
 dce.imgott  |     9 |   5 |   19 |     7
 dce.seriea  |     9 |   5 |   19 |     3
 dce.fivb    |     9 |   5 |   19 |     1
 dce.imgott  |     9 |   5 |   20 |     3
 dce.ssport  |     9 |   5 |   20 |     6
 dce.seriea  |     9 |   5 |   20 |     2
 dce.fivb    |     9 |   5 |   21 |     3
 dce.ssport  |     9 |   5 |   21 |     8
 dce.imgott  |     9 |   5 |   21 |     5
 dce.seriea  |     9 |   5 |   21 |     3
 dce.seriea  |     9 |   5 |   22 |     2
 dce.fivb    |     9 |   5 |   22 |     1
 dce.imgott  |     9 |   5 |   22 |     3
 dce.ssport  |     9 |   5 |   22 |     6
 dce.ssport  |     9 |   5 |   23 |     4
 dce.seriea  |     9 |   5 |   23 |     2
 dce.fivb    |     9 |   5 |   23 |     1
 dce.imgott  |     9 |   5 |   23 |     1
 dce.fivb    |     9 |   6 |    0 |     1
 dce.ssport  |     9 |   6 |    0 |     4
 dce.seriea  |     9 |   6 |    0 |     1
 dce.imgott  |     9 |   6 |    2 |     2
 dce.ssport  |     9 |   6 |    2 |     1
 dce.seriea  |     9 |   6 |    2 |     1
 dce.imgott  |     9 |   6 |    3 |     1
 dce.fivb    |     9 |   6 |    3 |     2
 dce.ssport  |     9 |   6 |    3 |     1
 dce.imgott  |     9 |   6 |    4 |     1
 dce.ssport  |     9 |   6 |    4 |     2
 dce.ssport  |     9 |   6 |    5 |     6
 dce.seriea  |     9 |   6 |    5 |     3
 dce.fivb    |     9 |   6 |    5 |     2
 dce.imgott  |     9 |   6 |    5 |     1
 dce.fivb    |     9 |   6 |    6 |     1
 dce.ssport  |     9 |   6 |    6 |     1
 dce.sandbox |     9 |   6 |    6 |     1
 dce.ssport  |     9 |   6 |    7 |     3
 dce.imgott  |     9 |   6 |    7 |     4
 dce.ssport  |     9 |   6 |    8 |     7
 dce.imgott  |     9 |   6 |    8 |     3
 dce.fivb    |     9 |   6 |    8 |     2
 dce.ssport  |     9 |   6 |    9 |     9
 dce.fivb    |     9 |   6 |    9 |     2
 dce.imgott  |     9 |   6 |    9 |     4
 prod-dve    |     9 |   6 |    9 |     2
 dce.ufc     |     9 |   6 |   10 |     3
 dce.imgott  |     9 |   6 |   10 |     5
 dce.ssport  |     9 |   6 |   10 |     2
 dce.ufc     |     9 |   6 |   11 |     2
 dce.fivb    |     9 |   6 |   11 |     3
 dce.ssport  |     9 |   6 |   11 |     4
 dce.imgott  |     9 |   6 |   11 |     4
 dce.seriea  |     9 |   6 |   11 |     1
 dce.seriea  |     9 |   6 |   12 |     2
 dce.imgott  |     9 |   6 |   12 |     4
 dce.ssport  |     9 |   6 |   12 |     7
 dce.fivb    |     9 |   6 |   12 |     1
 dce.fivb    |     9 |   6 |   13 |     5
 dce.ssport  |     9 |   6 |   13 |     4
 dce.imgott  |     9 |   6 |   13 |     3
 dce.ssport  |     9 |   6 |   14 |     6
 dce.imgott  |     9 |   6 |   14 |     6
 dce.fivb    |     9 |   6 |   14 |     5
 dce.imgott  |     9 |   6 |   15 |     6
 dce.seriea  |     9 |   6 |   15 |     1
 dce.ssport  |     9 |   6 |   15 |     7
 dce.fivb    |     9 |   6 |   15 |     5
 dce.imgott  |     9 |   6 |   16 |     5
 dce.ssport  |     9 |   6 |   16 |     5
 dce.seriea  |     9 |   6 |   16 |     3
 dce.fivb    |     9 |   6 |   16 |     7
 dce.fivb    |     9 |   6 |   17 |     3
 dce.ssport  |     9 |   6 |   17 |     7
 dce.seriea  |     9 |   6 |   17 |     3
 dce.imgott  |     9 |   6 |   17 |     8
 dce.ssport  |     9 |   6 |   18 |     9
 dce.seriea  |     9 |   6 |   18 |     3
 dce.imgott  |     9 |   6 |   18 |    12
 dce.fivb    |     9 |   6 |   18 |     1
 dce.imgott  |     9 |   6 |   19 |     6
 dce.ssport  |     9 |   6 |   19 |     7
 dce.seriea  |     9 |   6 |   19 |     1
 dce.fivb    |     9 |   6 |   19 |     2
 dce.ssport  |     9 |   6 |   20 |    10
 dce.imgott  |     9 |   6 |   20 |     5
 dce.fivb    |     9 |   6 |   20 |     1
 dce.seriea  |     9 |   6 |   20 |     2
 dce.imgott  |     9 |   6 |   21 |     1
 dce.ssport  |     9 |   6 |   21 |     2
 dce.ssport  |     9 |   6 |   22 |     3
 dce.fivb    |     9 |   6 |   22 |     4
 dce.seriea  |     9 |   6 |   22 |     1
 dce.imgott  |     9 |   6 |   22 |     2
 dce.ssport  |     9 |   6 |   23 |     2
 dce.fivb    |     9 |   6 |   23 |     9
 dce.seriea  |     9 |   6 |   23 |     1
 dce.imgott  |     9 |   6 |   23 |     1
 dce.fivb    |     9 |   7 |    0 |     6
 dce.seriea  |     9 |   7 |    0 |     1
 dce.fivb    |     9 |   7 |    1 |     4
 dce.ssport  |     9 |   7 |    1 |     1
 dce.seriea  |     9 |   7 |    1 |     1
 dce.fivb    |     9 |   7 |    2 |     3
 dce.seriea  |     9 |   7 |    2 |     2
 dce.fivb    |     9 |   7 |    3 |     4
 dce.fivb    |     9 |   7 |    4 |    11
 dce.imgott  |     9 |   7 |    4 |     1
 dce.ssport  |     9 |   7 |    5 |     3
 dce.fivb    |     9 |   7 |    5 |     4
 dce.imgott  |     9 |   7 |    5 |     1
 dce.fivb    |     9 |   7 |    6 |     1
 dce.imgott  |     9 |   7 |    6 |     2
 dce.seriea  |     9 |   7 |    6 |     1
 dce.ssport  |     9 |   7 |    6 |     3
 dce.fivb    |     9 |   7 |    7 |     3
 dce.ssport  |     9 |   7 |    7 |     4
 dce.imgott  |     9 |   7 |    7 |     5
 dce.fivb    |     9 |   7 |    8 |     5
 dce.imgott  |     9 |   7 |    8 |     8
 dce.ssport  |     9 |   7 |    8 |     2
 dce.sandbox |     9 |   7 |    8 |     1
 dce.imgott  |     9 |   7 |    9 |     5
 dce.fivb    |     9 |   7 |    9 |     9
 dce.sandbox |     9 |   7 |    9 |     3
 dce.seriea  |     9 |   7 |    9 |     1
 dce.fivb    |     9 |   7 |   10 |     5
 dce.imgott  |     9 |   7 |   10 |     3
 dce.ssport  |     9 |   7 |   10 |     1
 dce.seriea  |     9 |   7 |   10 |     2
 dce.sandbox |     9 |   7 |   10 |     2
 dce.sandbox |     9 |   7 |   11 |     2
 dce.fivb    |     9 |   7 |   11 |    11
 dce.seriea  |     9 |   7 |   11 |     3
 dce.imgott  |     9 |   7 |   11 |     3
 dce.imgott  |     9 |   7 |   12 |     6
 dce.fivb    |     9 |   7 |   12 |    11
 dce.ssport  |     9 |   7 |   12 |     2
 dce.ssport  |     9 |   7 |   13 |     1
 dce.fivb    |     9 |   7 |   13 |    12
 dce.imgott  |     9 |   7 |   13 |     7
 dce.fivb    |     9 |   7 |   14 |    12
 dce.ssport  |     9 |   7 |   14 |     1
 dce.seriea  |     9 |   7 |   14 |     2
 dce.imgott  |     9 |   7 |   14 |     3
 dce.fivb    |     9 |   7 |   15 |    16
 dce.seriea  |     9 |   7 |   15 |     2
 dce.imgott  |     9 |   7 |   15 |     8
 dce.ssport  |     9 |   7 |   15 |     2
 dce.fivb    |     9 |   7 |   16 |    17
 dce.imgott  |     9 |   7 |   16 |     8
 dce.ssport  |     9 |   7 |   16 |     6
 dce.ssport  |     9 |   7 |   17 |    10
 dce.imgott  |     9 |   7 |   17 |    10
 dce.fivb    |     9 |   7 |   17 |    24
 dce.seriea  |     9 |   7 |   17 |     2
 dce.imgott  |     9 |   7 |   18 |     6
 dce.fivb    |     9 |   7 |   18 |    11
 dce.ssport  |     9 |   7 |   18 |    19
 dce.seriea  |     9 |   7 |   18 |     2
 dce.fivb    |     9 |   7 |   19 |    14
 dce.imgott  |     9 |   7 |   19 |     3
 dce.ssport  |     9 |   7 |   19 |     6
 dce.seriea  |     9 |   7 |   19 |     2
 dce.imgott  |     9 |   7 |   20 |     6
 dce.fivb    |     9 |   7 |   20 |    14
 dce.seriea  |     9 |   7 |   20 |     1
 dce.ssport  |     9 |   7 |   20 |     2
 dce.seriea  |     9 |   7 |   21 |     4
 dce.fivb    |     9 |   7 |   21 |     4
 dce.ssport  |     9 |   7 |   21 |     7
 dce.imgott  |     9 |   7 |   21 |     4
 dce.imgott  |     9 |   7 |   22 |     3
 dce.seriea  |     9 |   7 |   22 |     2
 dce.fivb    |     9 |   7 |   22 |     7
 dce.ssport  |     9 |   7 |   22 |     4
 dce.imgott  |     9 |   7 |   23 |     2
 dce.fivb    |     9 |   7 |   23 |     9
 dce.ssport  |     9 |   7 |   23 |     2
 dce.seriea  |     9 |   7 |   23 |     1
 dce.fivb    |     9 |   8 |    0 |     5
 dce.seriea  |     9 |   8 |    0 |     2
 dce.fivb    |     9 |   8 |    1 |     4
 dce.imgott  |     9 |   8 |    1 |     1
 dce.seriea  |     9 |   8 |    1 |     2
 dce.seriea  |     9 |   8 |    2 |     2
 dce.fivb    |     9 |   8 |    2 |     5
 dce.ssport  |     9 |   8 |    2 |     1
 dce.fivb    |     9 |   8 |    3 |     7
 dce.seriea  |     9 |   8 |    3 |     3
 dce.fivb    |     9 |   8 |    4 |     5
 dce.fivb    |     9 |   8 |    5 |     7
 dce.fivb    |     9 |   8 |    6 |     7
 dce.imgott  |     9 |   8 |    6 |     1
 dce.imgott  |     9 |   8 |    7 |     5
 dce.ssport  |     9 |   8 |    7 |     3
 dce.fivb    |     9 |   8 |    7 |     8
 dce.imgott  |     9 |   8 |    8 |    11
 dce.fivb    |     9 |   8 |    8 |     9
 dce.ssport  |     9 |   8 |    8 |     7
 dce.imgott  |     9 |   8 |    9 |     3
 dce.ssport  |     9 |   8 |    9 |     3
 dce.fivb    |     9 |   8 |    9 |     8
 dce.fivb    |     9 |   8 |   10 |    11
 dce.imgott  |     9 |   8 |   10 |     5
 dce.seriea  |     9 |   8 |   10 |     1
 dce.ssport  |     9 |   8 |   10 |     1
 dce.fivb    |     9 |   8 |   11 |    10
 dce.ssport  |     9 |   8 |   11 |     5
 dce.imgott  |     9 |   8 |   11 |     8
 dce.seriea  |     9 |   8 |   11 |     2
 dce.fivb    |     9 |   8 |   12 |    13
 dce.ssport  |     9 |   8 |   12 |     5
 dce.imgott  |     9 |   8 |   12 |     6
 dce.seriea  |     9 |   8 |   12 |     1
 dce.fivb    |     9 |   8 |   13 |     8
 dce.imgott  |     9 |   8 |   13 |    10
 dce.ssport  |     9 |   8 |   13 |     6
 dce.fivb    |     9 |   8 |   14 |    18
 dce.imgott  |     9 |   8 |   14 |    12
 dce.ssport  |     9 |   8 |   14 |     5
 dce.seriea  |     9 |   8 |   14 |     1
 dce.fivb    |     9 |   8 |   15 |    16
 dce.ssport  |     9 |   8 |   15 |     9
 dce.imgott  |     9 |   8 |   15 |    11
 dce.seriea  |     9 |   8 |   15 |     3
 dce.seriea  |     9 |   8 |   16 |     1
 dce.ssport  |     9 |   8 |   16 |    12
 dce.imgott  |     9 |   8 |   16 |     8
 dce.fivb    |     9 |   8 |   16 |    14
 dce.ssport  |     9 |   8 |   17 |    17
 dce.fivb    |     9 |   8 |   17 |     6
 dce.seriea  |     9 |   8 |   17 |     1
 dce.ssport  |     9 |   8 |   18 |    24
 dce.imgott  |     9 |   8 |   18 |    14
 dce.fivb    |     9 |   8 |   18 |     9
 dce.seriea  |     9 |   8 |   18 |     1
 dce.imgott  |     9 |   8 |   19 |    10
 dce.ssport  |     9 |   8 |   19 |    10
 dce.seriea  |     9 |   8 |   19 |     2
 dce.fivb    |     9 |   8 |   19 |    10
 dce.seriea  |     9 |   8 |   20 |     3
 dce.imgott  |     9 |   8 |   20 |     5
 dce.ssport  |     9 |   8 |   20 |     8
 dce.fivb    |     9 |   8 |   20 |     5
 dce.imgott  |     9 |   8 |   21 |     5
 dce.ssport  |     9 |   8 |   21 |     3
 dce.fivb    |     9 |   8 |   21 |     5
 dce.seriea  |     9 |   8 |   21 |     1
 dce.ssport  |     9 |   8 |   22 |     7
 dce.fivb    |     9 |   8 |   22 |    13
 dce.seriea  |     9 |   8 |   22 |     3
 dce.seriea  |     9 |   8 |   23 |     2
 dce.fivb    |     9 |   8 |   23 |    16
 dce.ssport  |     9 |   8 |   23 |     4
 dce.fivb    |     9 |   9 |    0 |    17
 dce.seriea  |     9 |   9 |    0 |     1
 dce.imgott  |     9 |   9 |    0 |     1
 dce.fivb    |     9 |   9 |    1 |    13
 dce.seriea  |     9 |   9 |    1 |     1
 dce.ssport  |     9 |   9 |    1 |     1
 dce.fivb    |     9 |   9 |    2 |    16
 dce.ssport  |     9 |   9 |    2 |     3
 dce.seriea  |     9 |   9 |    2 |     1
 dce.imgott  |     9 |   9 |    2 |     1
 dce.fivb    |     9 |   9 |    3 |    17
 dce.ssport  |     9 |   9 |    3 |     2
 dce.imgott  |     9 |   9 |    4 |     1
 dce.fivb    |     9 |   9 |    4 |    20
 dce.seriea  |     9 |   9 |    4 |     1
 dce.fivb    |     9 |   9 |    5 |    20
 dce.seriea  |     9 |   9 |    5 |     1
 dce.fivb    |     9 |   9 |    6 |    26
 dce.ssport  |     9 |   9 |    6 |     3
 dce.imgott  |     9 |   9 |    6 |     1
 dce.fivb    |     9 |   9 |    7 |    27
 dce.imgott  |     9 |   9 |    7 |     7
 dce.ssport  |     9 |   9 |    7 |     3
 dce.seriea  |     9 |   9 |    7 |     1
 dce.fivb    |     9 |   9 |    8 |    20
 dce.ssport  |     9 |   9 |    8 |     2
 dce.imgott  |     9 |   9 |    8 |     2
 dce.imgott  |     9 |   9 |    9 |     9
 dce.fivb    |     9 |   9 |    9 |    22
 dce.ssport  |     9 |   9 |    9 |     5
 dce.fivb    |     9 |   9 |   10 |    42
 dce.imgott  |     9 |   9 |   10 |     8
 dce.ssport  |     9 |   9 |   10 |     5
 dce.fivb    |     9 |   9 |   11 |    41
 dce.imgott  |     9 |   9 |   11 |     7
 dce.ssport  |     9 |   9 |   11 |     5
 dce.fivb    |     9 |   9 |   12 |    49
 dce.ssport  |     9 |   9 |   12 |     6
 dce.imgott  |     9 |   9 |   12 |     7
 dce.seriea  |     9 |   9 |   12 |     3
 dce.fivb    |     9 |   9 |   13 |    63
 dce.imgott  |     9 |   9 |   13 |    10
 dce.seriea  |     9 |   9 |   13 |     3
 dce.ssport  |     9 |   9 |   13 |     7
 dce.ssport  |     9 |   9 |   14 |     2
 dce.fivb    |     9 |   9 |   14 |    54
 dce.seriea  |     9 |   9 |   14 |     1
 dce.imgott  |     9 |   9 |   14 |     7
 dce.fivb    |     9 |   9 |   15 |    70
 dce.imgott  |     9 |   9 |   15 |     4
 dce.ssport  |     9 |   9 |   15 |     2
 dce.imgott  |     9 |   9 |   16 |    11
 dce.seriea  |     9 |   9 |   16 |     5
 dce.fivb    |     9 |   9 |   16 |   117
 dce.ssport  |     9 |   9 |   16 |     3
 dce.fivb    |     9 |   9 |   17 |   197
 dce.ssport  |     9 |   9 |   17 |     4
 dce.imgott  |     9 |   9 |   17 |     5
 dce.sport   |     9 |   9 |   17 |     1
 dce.fivb    |     9 |   9 |   18 |   145
 dce.seriea  |     9 |   9 |   18 |     1
 dce.ssport  |     9 |   9 |   18 |     1
 dce.imgott  |     9 |   9 |   18 |     8
 dce.fivb    |     9 |   9 |   19 |    42
 dce.imgott  |     9 |   9 |   19 |     2
 dce.ssport  |     9 |   9 |   19 |     2
 dce.imgott  |     9 |   9 |   20 |     3
 dce.fivb    |     9 |   9 |   20 |    31
 dce.ssport  |     9 |   9 |   20 |     2
 dce.imgott  |     9 |   9 |   21 |     2
 dce.fivb    |     9 |   9 |   21 |    19
 dce.ssport  |     9 |   9 |   21 |     5
 dce.seriea  |     9 |   9 |   21 |     2
 dce.fivb    |     9 |   9 |   22 |    12
 dce.imgott  |     9 |   9 |   22 |     1
 dce.seriea  |     9 |   9 |   22 |     2
 dce.ssport  |     9 |   9 |   22 |     2
 dce.seriea  |     9 |   9 |   23 |     3
 dce.fivb    |     9 |   9 |   23 |    24
 dce.ssport  |     9 |   9 |   23 |     3
 dce.fivb    |     9 |  10 |    0 |    16
 dce.seriea  |     9 |  10 |    0 |     2
 dce.imgott  |     9 |  10 |    0 |     1
 dce.seriea  |     9 |  10 |    1 |     1
 dce.fivb    |     9 |  10 |    1 |    23
 dce.fivb    |     9 |  10 |    2 |    13
 dce.fivb    |     9 |  10 |    3 |    13
 dce.seriea  |     9 |  10 |    3 |     3
 dce.ssport  |     9 |  10 |    4 |     1
 dce.fivb    |     9 |  10 |    4 |    10
 dce.imgott  |     9 |  10 |    4 |     1
 dce.seriea  |     9 |  10 |    4 |     1
 dce.fivb    |     9 |  10 |    5 |     9
 dce.imgott  |     9 |  10 |    5 |     1
 dce.seriea  |     9 |  10 |    5 |     3
 dce.fivb    |     9 |  10 |    6 |    19
 dce.imgott  |     9 |  10 |    6 |     1
 dce.fivb    |     9 |  10 |    7 |    22
 dce.seriea  |     9 |  10 |    7 |     1
 dce.imgott  |     9 |  10 |    7 |     3
 dce.ssport  |     9 |  10 |    7 |     1
 dce.ssport  |     9 |  10 |    8 |     1
 dce.fivb    |     9 |  10 |    8 |    21
 dce.imgott  |     9 |  10 |    8 |     3
 dce.imgott  |     9 |  10 |    9 |     2
 dce.fivb    |     9 |  10 |    9 |    26
 dce.ssport  |     9 |  10 |    9 |     3
 dce.sandbox |     9 |  10 |    9 |     2
 dce.imgott  |     9 |  10 |   10 |     4
 dce.fivb    |     9 |  10 |   10 |    20
 dce.sandbox |     9 |  10 |   10 |     3
 dce.ssport  |     9 |  10 |   10 |     3
 dce.imgott  |     9 |  10 |   11 |     8
 dce.fivb    |     9 |  10 |   11 |    34
 dce.ssport  |     9 |  10 |   11 |     6
 dce.fivb    |     9 |  10 |   12 |    35
 dce.ssport  |     9 |  10 |   12 |    13
 dce.imgott  |     9 |  10 |   12 |     3
 dce.ssport  |     9 |  10 |   13 |     6
 dce.imgott  |     9 |  10 |   13 |     9
 dce.fivb    |     9 |  10 |   13 |    24
 dce.imgott  |     9 |  10 |   14 |     8
 dce.fivb    |     9 |  10 |   14 |    33
 dce.ssport  |     9 |  10 |   14 |     6
 dce.seriea  |     9 |  10 |   14 |     1
 dce.fivb    |     9 |  10 |   15 |    30
 dce.imgott  |     9 |  10 |   15 |     6
 dce.ssport  |     9 |  10 |   15 |     6
 dce.seriea  |     9 |  10 |   15 |     2
 dce.imgott  |     9 |  10 |   16 |     8
 dce.fivb    |     9 |  10 |   16 |    31
 dce.ssport  |     9 |  10 |   16 |     8
 dce.seriea  |     9 |  10 |   16 |     1
 dce.fivb    |     9 |  10 |   17 |    29
 dce.ssport  |     9 |  10 |   17 |     5
 dce.imgott  |     9 |  10 |   17 |     9
 dce.seriea  |     9 |  10 |   17 |     2
 dce.fivb    |     9 |  10 |   18 |    25
 dce.ssport  |     9 |  10 |   18 |     4
 dce.imgott  |     9 |  10 |   18 |     8
 dce.ssport  |     9 |  10 |   19 |     5
 dce.fivb    |     9 |  10 |   19 |    33
 dce.ent     |     9 |  10 |   19 |     1
 dce.imgott  |     9 |  10 |   19 |     8
 dce.seriea  |     9 |  10 |   19 |     1
 dce.fivb    |     9 |  10 |   20 |    24
 dce.seriea  |     9 |  10 |   20 |     2
 dce.ssport  |     9 |  10 |   20 |     6
 dce.imgott  |     9 |  10 |   20 |     4
 dce.seriea  |     9 |  10 |   21 |     3
 dce.fivb    |     9 |  10 |   21 |    22
 dce.ssport  |     9 |  10 |   21 |     3
 dce.seriea  |     9 |  10 |   22 |     2
 dce.fivb    |     9 |  10 |   22 |    11
 dce.ssport  |     9 |  10 |   22 |     2
 dce.imgott  |     9 |  10 |   22 |     1
 dce.seriea  |     9 |  10 |   23 |     1
 dce.imgott  |     9 |  10 |   23 |     1
 dce.fivb    |     9 |  10 |   23 |    11
 dce.ssport  |     9 |  10 |   23 |     1
 dce.fivb    |     9 |  11 |    0 |    14
 dce.imgott  |     9 |  11 |    0 |     1
 dce.ssport  |     9 |  11 |    0 |     1
 dce.fivb    |     9 |  11 |    1 |    16
 dce.fivb    |     9 |  11 |    2 |     8
 dce.seriea  |     9 |  11 |    2 |     2
 dce.ssport  |     9 |  11 |    2 |     2
 dce.imgott  |     9 |  11 |    2 |     1
 dce.fivb    |     9 |  11 |    3 |    14
 dce.ssport  |     9 |  11 |    3 |     2
 dce.seriea  |     9 |  11 |    3 |     1
 dce.seriea  |     9 |  11 |    4 |     2
 dce.fivb    |     9 |  11 |    4 |    12
 dce.seriea  |     9 |  11 |    5 |     1
 dce.fivb    |     9 |  11 |    5 |    13
 dce.imgott  |     9 |  11 |    5 |     1
 dce.fivb    |     9 |  11 |    6 |    12
 dce.imgott  |     9 |  11 |    6 |     2
 dce.ssport  |     9 |  11 |    6 |     3
 dce.fivb    |     9 |  11 |    7 |     7
 dce.ssport  |     9 |  11 |    7 |     3
 dce.imgott  |     9 |  11 |    7 |     2
 dce.seriea  |     9 |  11 |    7 |     1
 dce.fivb    |     9 |  11 |    8 |    18
 dce.ssport  |     9 |  11 |    8 |     4
 dce.imgott  |     9 |  11 |    8 |     3
 dce.fivb    |     9 |  11 |    9 |    23
 dce.imgott  |     9 |  11 |    9 |     6
 dce.ssport  |     9 |  11 |    9 |     1
 dce.fivb    |     9 |  11 |   10 |    28
 dce.ssport  |     9 |  11 |   10 |     4
 dce.imgott  |     9 |  11 |   10 |     8
 dce.seriea  |     9 |  11 |   10 |     1
 dce.fivb    |     9 |  11 |   11 |    22
 dce.imgott  |     9 |  11 |   11 |     2
 dce.ssport  |     9 |  11 |   11 |     3
 dce.seriea  |     9 |  11 |   11 |     1
 dce.fivb    |     9 |  11 |   12 |    14
 dce.imgott  |     9 |  11 |   12 |     2
 dce.ssport  |     9 |  11 |   12 |     1
 dce.fivb    |     9 |  11 |   13 |    21
 dce.imgott  |     9 |  11 |   13 |     3
 dce.ssport  |     9 |  11 |   13 |     1
 dce.seriea  |     9 |  11 |   14 |     2
 dce.fivb    |     9 |  11 |   14 |    39
 dce.imgott  |     9 |  11 |   14 |     4
 dce.ssport  |     9 |  11 |   14 |    11
 prod-dve    |     9 |  11 |   14 |     1
 dce.seriea  |     9 |  11 |   15 |     7
 dce.fivb    |     9 |  11 |   15 |    28
 dce.imgott  |     9 |  11 |   15 |     8
 dce.ssport  |     9 |  11 |   15 |    14
 dce.imgott  |     9 |  11 |   16 |    13
 dce.ssport  |     9 |  11 |   16 |    10
 dce.fivb    |     9 |  11 |   16 |    17
 dce.seriea  |     9 |  11 |   16 |     1
 dce.fivb    |     9 |  11 |   17 |    26
 dce.imgott  |     9 |  11 |   17 |     7
 dce.ssport  |     9 |  11 |   17 |    13
 dce.seriea  |     9 |  11 |   17 |     4
 dce.fivb    |     9 |  11 |   18 |    27
 dce.ssport  |     9 |  11 |   18 |    24
 dce.seriea  |     9 |  11 |   18 |     2
 dce.imgott  |     9 |  11 |   18 |    12
 dce.seriea  |     9 |  11 |   19 |     1
 dce.fivb    |     9 |  11 |   19 |    15
 dce.ssport  |     9 |  11 |   19 |    14
 dce.imgott  |     9 |  11 |   19 |     3
 dce.fivb    |     9 |  11 |   20 |    15
 dce.imgott  |     9 |  11 |   20 |     6
 dce.ssport  |     9 |  11 |   20 |     7
 dce.seriea  |     9 |  11 |   20 |     1
 dce.imgott  |     9 |  11 |   21 |     1
 dce.ssport  |     9 |  11 |   21 |     4
 dce.fivb    |     9 |  11 |   21 |    13
 dce.seriea  |     9 |  11 |   21 |     3
 dce.fivb    |     9 |  11 |   22 |    11
 dce.ssport  |     9 |  11 |   22 |     1
 dce.imgott  |     9 |  11 |   22 |     4
 dce.fivb    |     9 |  11 |   23 |     9
 dce.seriea  |     9 |  11 |   23 |     2
 dce.ssport  |     9 |  12 |    0 |     3
 dce.imgott  |     9 |  12 |    0 |     1
 dce.fivb    |     9 |  12 |    0 |    12
 dce.seriea  |     9 |  12 |    0 |     6
 dce.seriea  |     9 |  12 |    1 |     2
 dce.fivb    |     9 |  12 |    1 |    23
 dce.fivb    |     9 |  12 |    2 |    24
 dce.seriea  |     9 |  12 |    2 |     1
 dce.fivb    |     9 |  12 |    3 |    20
 dce.seriea  |     9 |  12 |    3 |     1
 dce.ssport  |     9 |  12 |    3 |     2
 dce.imgott  |     9 |  12 |    3 |     1
 dce.fivb    |     9 |  12 |    4 |    19
 dce.imgott  |     9 |  12 |    4 |     3
 dce.seriea  |     9 |  12 |    4 |     1
 dce.fivb    |     9 |  12 |    5 |    15
 dce.ssport  |     9 |  12 |    5 |     2
 dce.imgott  |     9 |  12 |    5 |     2
 dce.fivb    |     9 |  12 |    6 |    19
 dce.seriea  |     9 |  12 |    6 |     2
 dce.imgott  |     9 |  12 |    6 |     4
 dce.ssport  |     9 |  12 |    6 |    13
 dce.seriea  |     9 |  12 |    7 |     2
 dce.fivb    |     9 |  12 |    7 |    19
 dce.ssport  |     9 |  12 |    7 |    17
 dce.imgott  |     9 |  12 |    7 |     3
 dce.fivb    |     9 |  12 |    8 |    16
 dce.imgott  |     9 |  12 |    8 |     4
 dce.ssport  |     9 |  12 |    8 |    28
 dce.ssport  |     9 |  12 |    9 |    12
 dce.imgott  |     9 |  12 |    9 |     6
 dce.fivb    |     9 |  12 |    9 |    31
 dce.seriea  |     9 |  12 |    9 |     1
 dce.ssport  |     9 |  12 |   10 |    22
 dce.fivb    |     9 |  12 |   10 |    35
 dce.imgott  |     9 |  12 |   10 |     3
 dce.sandbox |     9 |  12 |   10 |     1
 dce.fivb    |     9 |  12 |   11 |    83
 dce.imgott  |     9 |  12 |   11 |     6
 dce.ssport  |     9 |  12 |   11 |    10
 dce.seriea  |     9 |  12 |   11 |     1
 dce.imgott  |     9 |  12 |   12 |     5
 dce.fivb    |     9 |  12 |   12 |    70
 dce.seriea  |     9 |  12 |   12 |     1
 dce.ssport  |     9 |  12 |   12 |    13
 dce.fivb    |     9 |  12 |   13 |    79
 dce.imgott  |     9 |  12 |   13 |     4
 dce.ssport  |     9 |  12 |   13 |    23
 dce.seriea  |     9 |  12 |   13 |     2
 dce.fivb    |     9 |  12 |   14 |    90
 dce.ssport  |     9 |  12 |   14 |    18
 dce.imgott  |     9 |  12 |   14 |     3
 dce.seriea  |     9 |  12 |   14 |     3
 dce.sandbox |     9 |  12 |   14 |     1
 dce.fivb    |     9 |  12 |   15 |    73
 dce.imgott  |     9 |  12 |   15 |     6
 dce.ssport  |     9 |  12 |   15 |    11
 dce.seriea  |     9 |  12 |   15 |     4
 dce.ufc     |     9 |  12 |   15 |     1
 dce.sandbox |     9 |  12 |   15 |     1
 dce.fivb    |     9 |  12 |   16 |    72
 dce.seriea  |     9 |  12 |   16 |     3
 dce.imgott  |     9 |  12 |   16 |     8
 dce.sandbox |     9 |  12 |   16 |     5
 dce.ssport  |     9 |  12 |   16 |    15
 dce.fivb    |     9 |  12 |   17 |    86
 dce.imgott  |     9 |  12 |   17 |    11
 dce.ssport  |     9 |  12 |   17 |    13
 dce.seriea  |     9 |  12 |   17 |     8
 dce.ssport  |     9 |  12 |   18 |    18
 dce.fivb    |     9 |  12 |   18 |    96
 dce.imgott  |     9 |  12 |   18 |     8
 dce.seriea  |     9 |  12 |   18 |     4
 dce.fivb    |     9 |  12 |   19 |    81
 dce.ssport  |     9 |  12 |   19 |    15
 dce.imgott  |     9 |  12 |   19 |     6
 dce.seriea  |     9 |  12 |   19 |     5
 dce.ssport  |     9 |  12 |   20 |    22
 dce.seriea  |     9 |  12 |   20 |    11
 dce.fivb    |     9 |  12 |   20 |    56
 dce.imgott  |     9 |  12 |   20 |    10
 dce.imgott  |     9 |  12 |   21 |     1
 dce.fivb    |     9 |  12 |   21 |    27
 dce.ssport  |     9 |  12 |   21 |     9
 dce.seriea  |     9 |  12 |   21 |     9
 dce.fivb    |     9 |  12 |   22 |    15
 dce.seriea  |     9 |  12 |   22 |    15
 dce.ssport  |     9 |  12 |   22 |     9
 dce.imgott  |     9 |  12 |   22 |     2
 dce.seriea  |     9 |  12 |   23 |     4
 dce.fivb    |     9 |  12 |   23 |     8
 dce.ssport  |     9 |  12 |   23 |     7
 dce.ssport  |     9 |  13 |    0 |     4
 dce.fivb    |     9 |  13 |    0 |    11
 dce.seriea  |     9 |  13 |    0 |     1
 dce.fivb    |     9 |  13 |    1 |    18
 dce.seriea  |     9 |  13 |    1 |    11
 dce.fivb    |     9 |  13 |    2 |    20
 dce.imgott  |     9 |  13 |    2 |     1
 dce.seriea  |     9 |  13 |    2 |     8
 dce.seriea  |     9 |  13 |    3 |    10
 dce.fivb    |     9 |  13 |    3 |    12
 dce.imgott  |     9 |  13 |    3 |     1
 dce.ssport  |     9 |  13 |    3 |     1
 dce.seriea  |     9 |  13 |    4 |     7
 dce.fivb    |     9 |  13 |    4 |     7
 dce.ssport  |     9 |  13 |    4 |     6
 dce.fivb    |     9 |  13 |    5 |     5
 dce.ssport  |     9 |  13 |    5 |     6
 dce.seriea  |     9 |  13 |    5 |     7
 dce.imgott  |     9 |  13 |    5 |     2
 dce.fivb    |     9 |  13 |    6 |    16
 dce.seriea  |     9 |  13 |    6 |     3
 dce.ssport  |     9 |  13 |    6 |     9
 dce.imgott  |     9 |  13 |    6 |     1
 dce.imgott  |     9 |  13 |    7 |     2
 dce.fivb    |     9 |  13 |    7 |    18
 dce.ssport  |     9 |  13 |    7 |    15
 dce.seriea  |     9 |  13 |    7 |     2
 dce.fivb    |     9 |  13 |    8 |    12
 dce.imgott  |     9 |  13 |    8 |     5
 dce.ssport  |     9 |  13 |    8 |     9
 dce.seriea  |     9 |  13 |    8 |     2
 dce.sandbox |     9 |  13 |    9 |     2
 dce.fivb    |     9 |  13 |    9 |    16
 dce.ssport  |     9 |  13 |    9 |    14
 dce.imgott  |     9 |  13 |    9 |     5
 dce.seriea  |     9 |  13 |    9 |     3
 dce.seriea  |     9 |  13 |   10 |     7
 dce.ssport  |     9 |  13 |   10 |    22
 dce.imgott  |     9 |  13 |   10 |     5
 dce.fivb    |     9 |  13 |   10 |    19
 dce.sandbox |     9 |  13 |   10 |     2
 dce.fivb    |     9 |  13 |   11 |    33
 dce.imgott  |     9 |  13 |   11 |     6
 dce.ssport  |     9 |  13 |   11 |    19
 dce.seriea  |     9 |  13 |   11 |     6
 dce.ssport  |     9 |  13 |   12 |    11
 dce.seriea  |     9 |  13 |   12 |     8
 dce.fivb    |     9 |  13 |   12 |    20
 dce.imgott  |     9 |  13 |   12 |     7
 dce.ssport  |     9 |  13 |   13 |    15
 dce.fivb    |     9 |  13 |   13 |    44
 dce.seriea  |     9 |  13 |   13 |     9
 dce.imgott  |     9 |  13 |   13 |     7
 dce.sandbox |     9 |  13 |   13 |     1
 dce.sandbox |     9 |  13 |   14 |     1
 dce.fivb    |     9 |  13 |   14 |    55
 dce.ssport  |     9 |  13 |   14 |    24
 dce.seriea  |     9 |  13 |   14 |     7
 dce.imgott  |     9 |  13 |   14 |     4
 dce.ssport  |     9 |  13 |   15 |    18
 dce.fivb    |     9 |  13 |   15 |    43
 dce.imgott  |     9 |  13 |   15 |     7
 dce.sandbox |     9 |  13 |   15 |     1
 dce.seriea  |     9 |  13 |   15 |     6
 dce.fivb    |     9 |  13 |   16 |    29
 dce.ssport  |     9 |  13 |   16 |    31
 dce.imgott  |     9 |  13 |   16 |    11
 dce.seriea  |     9 |  13 |   16 |    12
 dce.ssport  |     9 |  13 |   17 |    21
 dce.fivb    |     9 |  13 |   17 |    64
 dce.seriea  |     9 |  13 |   17 |     8
 dce.imgott  |     9 |  13 |   17 |    14
 dce.seriea  |     9 |  13 |   18 |     9
 dce.ssport  |     9 |  13 |   18 |    22
 dce.fivb    |     9 |  13 |   18 |    80
 dce.imgott  |     9 |  13 |   18 |     8
 dce.fivb    |     9 |  13 |   19 |    82
 dce.ssport  |     9 |  13 |   19 |    20
 dce.imgott  |     9 |  13 |   19 |     4
 dce.seriea  |     9 |  13 |   19 |    15
 dce.imgott  |     9 |  13 |   20 |     3
 dce.seriea  |     9 |  13 |   20 |    10
 dce.ssport  |     9 |  13 |   20 |    14
 dce.fivb    |     9 |  13 |   20 |    45
 dce.seriea  |     9 |  13 |   21 |    14
 dce.fivb    |     9 |  13 |   21 |    18
 dce.ssport  |     9 |  13 |   21 |    20
 dce.imgott  |     9 |  13 |   21 |     1
 dce.fivb    |     9 |  13 |   22 |     9
 dce.ssport  |     9 |  13 |   22 |     9
 dce.imgott  |     9 |  13 |   22 |     2
 dce.seriea  |     9 |  13 |   22 |    18
 dce.imgott  |     9 |  13 |   23 |     4
 dce.seriea  |     9 |  13 |   23 |    15
 dce.fivb    |     9 |  13 |   23 |    17
 dce.ssport  |     9 |  13 |   23 |     4
 dce.seriea  |     9 |  14 |    0 |     5
 dce.fivb    |     9 |  14 |    0 |    14
 dce.ssport  |     9 |  14 |    0 |     7
 dce.seriea  |     9 |  14 |    1 |    12
 dce.fivb    |     9 |  14 |    1 |    11
 dce.imgott  |     9 |  14 |    1 |     2
 dce.ssport  |     9 |  14 |    2 |     1
 dce.seriea  |     9 |  14 |    2 |    16
 dce.fivb    |     9 |  14 |    2 |     9
 dce.imgott  |     9 |  14 |    2 |     1
 dce.imgott  |     9 |  14 |    3 |     1
 dce.seriea  |     9 |  14 |    3 |    17
 dce.fivb    |     9 |  14 |    3 |     8
 dce.ssport  |     9 |  14 |    3 |     2
 dce.seriea  |     9 |  14 |    4 |     8
 dce.fivb    |     9 |  14 |    4 |     6
 dce.ssport  |     9 |  14 |    4 |     2
 dce.imgott  |     9 |  14 |    4 |     3
 dce.fivb    |     9 |  14 |    5 |    13
 dce.seriea  |     9 |  14 |    5 |     5
 dce.ssport  |     9 |  14 |    5 |    10
 dce.imgott  |     9 |  14 |    5 |     5
 dce.ssport  |     9 |  14 |    6 |    16
 dce.seriea  |     9 |  14 |    6 |     4
 dce.fivb    |     9 |  14 |    6 |    11
 dce.imgott  |     9 |  14 |    6 |     7
 dce.seriea  |     9 |  14 |    7 |     4
 dce.ssport  |     9 |  14 |    7 |    20
 dce.fivb    |     9 |  14 |    7 |    12
 dce.imgott  |     9 |  14 |    7 |     6
 dce.sandbox |     9 |  14 |    7 |     1
 dce.ssport  |     9 |  14 |    8 |    16
 dce.fivb    |     9 |  14 |    8 |    17
 dce.imgott  |     9 |  14 |    8 |     9
 dce.seriea  |     9 |  14 |    8 |     2
 dce.seriea  |     9 |  14 |    9 |     4
 dce.ssport  |     9 |  14 |    9 |    20
 dce.imgott  |     9 |  14 |    9 |     7
 dce.fivb    |     9 |  14 |    9 |    20
 dce.ssport  |     9 |  14 |   10 |    21
 dce.fivb    |     9 |  14 |   10 |    17
 dce.imgott  |     9 |  14 |   10 |     4
 dce.seriea  |     9 |  14 |   10 |    10
 dce.ssport  |     9 |  14 |   11 |    45
 dce.seriea  |     9 |  14 |   11 |    14
 dce.imgott  |     9 |  14 |   11 |     7
 dce.fivb    |     9 |  14 |   11 |    18
 dce.ssport  |     9 |  14 |   12 |    47
 dce.fivb    |     9 |  14 |   12 |    16
 dce.seriea  |     9 |  14 |   12 |     8
 dce.imgott  |     9 |  14 |   12 |    18
 dce.ssport  |     9 |  14 |   13 |    28
 dce.fivb    |     9 |  14 |   13 |    26
 dce.seriea  |     9 |  14 |   13 |    17
 dce.imgott  |     9 |  14 |   13 |     8
 dce.fivb    |     9 |  14 |   14 |    43
 dce.seriea  |     9 |  14 |   14 |    20
 dce.ssport  |     9 |  14 |   14 |    21
 dce.imgott  |     9 |  14 |   14 |    13
 dce.imgott  |     9 |  14 |   15 |    19
 dce.seriea  |     9 |  14 |   15 |    10
 dce.ssport  |     9 |  14 |   15 |    25
 dce.fivb    |     9 |  14 |   15 |    59
 dce.ssport  |     9 |  14 |   16 |    27
 dce.seriea  |     9 |  14 |   16 |    13
 dce.fivb    |     9 |  14 |   16 |    24
 dce.imgott  |     9 |  14 |   16 |    23
 dce.ssport  |     9 |  14 |   17 |    35
 dce.imgott  |     9 |  14 |   17 |    18
 dce.seriea  |     9 |  14 |   17 |    22
 dce.fivb    |     9 |  14 |   17 |    46
 dce.ssport  |     9 |  14 |   18 |    43
 dce.fivb    |     9 |  14 |   18 |    47
 dce.seriea  |     9 |  14 |   18 |     6
 dce.imgott  |     9 |  14 |   18 |    19
 dce.imgott  |     9 |  14 |   19 |    16
 dce.ssport  |     9 |  14 |   19 |    39
 dce.seriea  |     9 |  14 |   19 |    12
 dce.fivb    |     9 |  14 |   19 |    23
 dce.seriea  |     9 |  14 |   20 |     9
 dce.ssport  |     9 |  14 |   20 |    40
 dce.imgott  |     9 |  14 |   20 |    18
 dce.fivb    |     9 |  14 |   20 |    15
 dce.ssport  |     9 |  14 |   21 |    21
 dce.imgott  |     9 |  14 |   21 |    11
 dce.fivb    |     9 |  14 |   21 |     6
 dce.seriea  |     9 |  14 |   21 |     4
 dce.ssport  |     9 |  14 |   22 |    14
 dce.imgott  |     9 |  14 |   22 |     8
 dce.seriea  |     9 |  14 |   22 |    11
 dce.fivb    |     9 |  14 |   22 |     5
 dce.seriea  |     9 |  14 |   23 |     7
 dce.ssport  |     9 |  14 |   23 |     7
 dce.fivb    |     9 |  14 |   23 |    15
 dce.imgott  |     9 |  14 |   23 |     7
 dce.imgott  |     9 |  15 |    0 |     6
 dce.fivb    |     9 |  15 |    0 |     7
 dce.seriea  |     9 |  15 |    0 |    54
 dce.ssport  |     9 |  15 |    0 |     8
 dce.ssport  |     9 |  15 |    1 |     4
 dce.seriea  |     9 |  15 |    1 |    40
 dce.fivb    |     9 |  15 |    1 |     9
 dce.seriea  |     9 |  15 |    2 |    45
 dce.fivb    |     9 |  15 |    2 |     9
 dce.seriea  |     9 |  15 |    3 |    75
 dce.ssport  |     9 |  15 |    3 |     1
 dce.fivb    |     9 |  15 |    3 |     8
 dce.fivb    |     9 |  15 |    4 |     9
 dce.seriea  |     9 |  15 |    4 |    78
 dce.ssport  |     9 |  15 |    4 |     2
 dce.imgott  |     9 |  15 |    4 |     2
 dce.seriea  |     9 |  15 |    5 |    53
 dce.fivb    |     9 |  15 |    5 |    10
 dce.ssport  |     9 |  15 |    5 |    10
 dce.imgott  |     9 |  15 |    5 |    11
 dce.seriea  |     9 |  15 |    6 |    28
 dce.ssport  |     9 |  15 |    6 |    21
 dce.imgott  |     9 |  15 |    6 |    21
 dce.fivb    |     9 |  15 |    6 |    14
 dce.imgott  |     9 |  15 |    7 |    24
 dce.seriea  |     9 |  15 |    7 |    16
 dce.ssport  |     9 |  15 |    7 |    17
 dce.fivb    |     9 |  15 |    7 |    11
 dce.seriea  |     9 |  15 |    8 |    12
 dce.ssport  |     9 |  15 |    8 |    31
 dce.fivb    |     9 |  15 |    8 |    17
 dce.imgott  |     9 |  15 |    8 |    42
 dce.imgott  |     9 |  15 |    9 |    58
 dce.ssport  |     9 |  15 |    9 |    37
 dce.seriea  |     9 |  15 |    9 |    26
 dce.fivb    |     9 |  15 |    9 |    11
 dce.seriea  |     9 |  15 |   10 |    44
 dce.fivb    |     9 |  15 |   10 |    13
 dce.imgott  |     9 |  15 |   10 |    73
 dce.ssport  |     9 |  15 |   10 |    49
 dce.ssport  |     9 |  15 |   11 |   111
 dce.seriea  |     9 |  15 |   11 |    73
 dce.imgott  |     9 |  15 |   11 |   104
 dce.fivb    |     9 |  15 |   11 |    14
 dce.imgott  |     9 |  15 |   12 |   138
 dce.ssport  |     9 |  15 |   12 |    91
 dce.seriea  |     9 |  15 |   12 |   162
 dce.fivb    |     9 |  15 |   12 |    25
 dce.imgott  |     9 |  15 |   13 |   241
 dce.seriea  |     9 |  15 |   13 |   191
 dce.ssport  |     9 |  15 |   13 |   124
 dce.fivb    |     9 |  15 |   13 |    30
 dce.imgott  |     9 |  15 |   14 |   400
 dce.ssport  |     9 |  15 |   14 |    37
 dce.seriea  |     9 |  15 |   14 |   211
 dce.fivb    |     9 |  15 |   14 |   231
 dce.fivb    |     9 |  15 |   15 |   171
 dce.imgott  |     9 |  15 |   15 |   198
 dce.seriea  |     9 |  15 |   15 |   134
 dce.ssport  |     9 |  15 |   15 |    18
 dce.imgott  |     9 |  15 |   16 |    98
 dce.ssport  |     9 |  15 |   16 |    44
 dce.seriea  |     9 |  15 |   16 |   169
 dce.fivb    |     9 |  15 |   16 |    42
 dce.seriea  |     9 |  15 |   17 |   119
 dce.ssport  |     9 |  15 |   17 |    39
 dce.imgott  |     9 |  15 |   17 |   119
 dce.fivb    |     9 |  15 |   17 |    64
 dce.imgott  |     9 |  15 |   18 |   378
 dce.ssport  |     9 |  15 |   18 |    29
 dce.fivb    |     9 |  15 |   18 |    78
 dce.seriea  |     9 |  15 |   18 |   120
 dce.imgott  |     9 |  15 |   19 |   189
 dce.fivb    |     9 |  15 |   19 |    66
 dce.ssport  |     9 |  15 |   19 |    28
 dce.seriea  |     9 |  15 |   19 |    82
 dce.imgott  |     9 |  15 |   20 |    58
 dce.seriea  |     9 |  15 |   20 |    84
 dce.fivb    |     9 |  15 |   20 |    47
 dce.ssport  |     9 |  15 |   20 |    32
 dce.fivb    |     9 |  15 |   21 |    26
 dce.seriea  |     9 |  15 |   21 |    60
 dce.ssport  |     9 |  15 |   21 |    21
 dce.imgott  |     9 |  15 |   21 |    11
 dce.ssport  |     9 |  15 |   22 |    17
 dce.seriea  |     9 |  15 |   22 |    66
 dce.imgott  |     9 |  15 |   22 |     6
 dce.fivb    |     9 |  15 |   22 |    23
 dce.seriea  |     9 |  15 |   23 |    97
 dce.ssport  |     9 |  15 |   23 |     6
 dce.imgott  |     9 |  15 |   23 |     6
 dce.fivb    |     9 |  15 |   23 |     7
 dce.seriea  |     9 |  16 |    0 |    68
 dce.fivb    |     9 |  16 |    0 |     7
 dce.ssport  |     9 |  16 |    0 |     3
 dce.fivb    |     9 |  16 |    1 |     6
 dce.seriea  |     9 |  16 |    1 |    81
 dce.seriea  |     9 |  16 |    2 |    63
 dce.fivb    |     9 |  16 |    2 |    17
 dce.ssport  |     9 |  16 |    2 |     1
 dce.imgott  |     9 |  16 |    2 |     1
 dce.seriea  |     9 |  16 |    3 |    63
 dce.fivb    |     9 |  16 |    3 |     6
 dce.ssport  |     9 |  16 |    3 |     2
 dce.seriea  |     9 |  16 |    4 |    53
 dce.fivb    |     9 |  16 |    4 |     8
 dce.imgott  |     9 |  16 |    4 |     4
 dce.ssport  |     9 |  16 |    4 |     2
 dce.imgott  |     9 |  16 |    5 |     7
 dce.seriea  |     9 |  16 |    5 |    47
 dce.fivb    |     9 |  16 |    5 |     9
 dce.ssport  |     9 |  16 |    5 |     6
 dce.imgott  |     9 |  16 |    6 |    14
 dce.fivb    |     9 |  16 |    6 |    12
 dce.seriea  |     9 |  16 |    6 |    25
 dce.ssport  |     9 |  16 |    6 |    12
 dce.imgott  |     9 |  16 |    7 |    22
 dce.seriea  |     9 |  16 |    7 |    15
 dce.ssport  |     9 |  16 |    7 |    13
 dce.fivb    |     9 |  16 |    7 |    14
 dce.ssport  |     9 |  16 |    8 |    22
 dce.fivb    |     9 |  16 |    8 |     5
 dce.imgott  |     9 |  16 |    8 |    42
 dce.seriea  |     9 |  16 |    8 |    18
 dce.fivb    |     9 |  16 |    9 |    15
 dce.imgott  |     9 |  16 |    9 |    59
 dce.seriea  |     9 |  16 |    9 |    24
 dce.ssport  |     9 |  16 |    9 |    33
 dce.imgott  |     9 |  16 |   10 |   129
 dce.fivb    |     9 |  16 |   10 |    24
 dce.seriea  |     9 |  16 |   10 |    48
 dce.ssport  |     9 |  16 |   10 |    82
 dce.ssport  |     9 |  16 |   11 |    63
 dce.imgott  |     9 |  16 |   11 |    92
 dce.seriea  |     9 |  16 |   11 |    71
 dce.fivb    |     9 |  16 |   11 |    11
 dce.imgott  |     9 |  16 |   12 |   223
 dce.ssport  |     9 |  16 |   12 |    82
 dce.fivb    |     9 |  16 |   12 |    20
 dce.seriea  |     9 |  16 |   12 |   181
 dce.imgott  |     9 |  16 |   13 |   232
 dce.seriea  |     9 |  16 |   13 |   366
 dce.ssport  |     9 |  16 |   13 |   103
 dce.fivb    |     9 |  16 |   13 |    26
 dce.seriea  |     9 |  16 |   14 |   305
 dce.fivb    |     9 |  16 |   14 |    28
 dce.ssport  |     9 |  16 |   14 |    46
 dce.imgott  |     9 |  16 |   14 |   127
 dce.seriea  |     9 |  16 |   15 |   165
 dce.fivb    |     9 |  16 |   15 |    44
 dce.ssport  |     9 |  16 |   15 |    25
 dce.imgott  |     9 |  16 |   15 |    44
 dce.seriea  |     9 |  16 |   16 |   116
 dce.ssport  |     9 |  16 |   16 |    20
 dce.imgott  |     9 |  16 |   16 |    46
 dce.fivb    |     9 |  16 |   16 |    35
 dce.ssport  |     9 |  16 |   17 |    16
 dce.fivb    |     9 |  16 |   17 |    53
 dce.seriea  |     9 |  16 |   17 |   116
 dce.imgott  |     9 |  16 |   17 |    55
 dce.ssport  |     9 |  16 |   18 |    13
 dce.imgott  |     9 |  16 |   18 |   118
 dce.fivb    |     9 |  16 |   18 |    55
 dce.seriea  |     9 |  16 |   18 |   160
 dce.imgott  |     9 |  16 |   19 |    58
 dce.fivb    |     9 |  16 |   19 |    48
 dce.seriea  |     9 |  16 |   19 |   129
 dce.ssport  |     9 |  16 |   19 |    15
 dce.imgott  |     9 |  16 |   20 |    23
 dce.fivb    |     9 |  16 |   20 |    41
 dce.seriea  |     9 |  16 |   20 |    54
 dce.ssport  |     9 |  16 |   20 |    12
 dce.fivb    |     9 |  16 |   21 |     8
 dce.ssport  |     9 |  16 |   21 |    13
 dce.seriea  |     9 |  16 |   21 |    18
 dce.imgott  |     9 |  16 |   21 |    10
 dce.ssport  |     9 |  16 |   22 |     6
 dce.seriea  |     9 |  16 |   22 |    21
 dce.fivb    |     9 |  16 |   22 |     7
 dce.imgott  |     9 |  16 |   22 |     2
 dce.fivb    |     9 |  16 |   23 |    11
 dce.seriea  |     9 |  16 |   23 |    41
 dce.imgott  |     9 |  16 |   23 |     2
 dce.ssport  |     9 |  16 |   23 |     3
 dce.seriea  |     9 |  17 |    0 |    47
 dce.fivb    |     9 |  17 |    0 |     7
 dce.imgott  |     9 |  17 |    0 |     3
 dce.ssport  |     9 |  17 |    0 |     1
 dce.ssport  |     9 |  17 |    1 |     3
 dce.seriea  |     9 |  17 |    1 |    33
 dce.imgott  |     9 |  17 |    1 |     1
 dce.fivb    |     9 |  17 |    1 |     2
 dce.seriea  |     9 |  17 |    2 |    40
 dce.fivb    |     9 |  17 |    2 |     7
 dce.imgott  |     9 |  17 |    2 |     1
 dce.seriea  |     9 |  17 |    3 |    40
 dce.ssport  |     9 |  17 |    3 |     1
 dce.fivb    |     9 |  17 |    3 |     9
 dce.seriea  |     9 |  17 |    4 |    36
 dce.ssport  |     9 |  17 |    4 |     4
 dce.imgott  |     9 |  17 |    4 |     2
 dce.fivb    |     9 |  17 |    4 |     8
 dce.seriea  |     9 |  17 |    5 |    16
 dce.imgott  |     9 |  17 |    5 |     9
 dce.ssport  |     9 |  17 |    5 |     4
 dce.fivb    |     9 |  17 |    5 |     1
 dce.fivb    |     9 |  17 |    6 |     2
 dce.ssport  |     9 |  17 |    6 |     7
 dce.seriea  |     9 |  17 |    6 |    12
 dce.imgott  |     9 |  17 |    6 |     5
 dce.seriea  |     9 |  17 |    7 |    13
 dce.ssport  |     9 |  17 |    7 |     9
 dce.imgott  |     9 |  17 |    7 |     6
 dce.fivb    |     9 |  17 |    7 |     6
 dce.fivb    |     9 |  17 |    8 |    16
 dce.seriea  |     9 |  17 |    8 |    14
 dce.imgott  |     9 |  17 |    8 |     6
 dce.ssport  |     9 |  17 |    8 |     7
 dce.seriea  |     9 |  17 |    9 |     8
 dce.imgott  |     9 |  17 |    9 |    11
 dce.ssport  |     9 |  17 |    9 |    11
 dce.fivb    |     9 |  17 |    9 |    13
 prod-dve    |     9 |  17 |    9 |     2
 dce.seriea  |     9 |  17 |   10 |    24
 dce.ssport  |     9 |  17 |   10 |     6
 dce.imgott  |     9 |  17 |   10 |     4
 dce.fivb    |     9 |  17 |   10 |     7
 dce.seriea  |     9 |  17 |   11 |    24
 dce.ssport  |     9 |  17 |   11 |     8
 dce.imgott  |     9 |  17 |   11 |     8
 dce.fivb    |     9 |  17 |   11 |    12
 dce.ssport  |     9 |  17 |   12 |     7
 dce.fivb    |     9 |  17 |   12 |    15
 dce.seriea  |     9 |  17 |   12 |    43
 dce.imgott  |     9 |  17 |   12 |     4
 dce.fivb    |     9 |  17 |   13 |    12
 prod-dve    |     9 |  17 |   13 |     1
 dce.seriea  |     9 |  17 |   13 |    54
 dce.ssport  |     9 |  17 |   13 |    10
 dce.imgott  |     9 |  17 |   13 |    12
 dce.seriea  |     9 |  17 |   14 |    44
 dce.fivb    |     9 |  17 |   14 |    29
 dce.ssport  |     9 |  17 |   14 |    10
 dce.sandbox |     9 |  17 |   14 |     1
 dce.imgott  |     9 |  17 |   14 |     6
 dce.imgott  |     9 |  17 |   15 |    14
 dce.fivb    |     9 |  17 |   15 |    25
 dce.ssport  |     9 |  17 |   15 |    16
 dce.seriea  |     9 |  17 |   15 |    47
 dce.seriea  |     9 |  17 |   16 |    52
 dce.imgott  |     9 |  17 |   16 |     8
 dce.fivb    |     9 |  17 |   16 |    37
 dce.ssport  |     9 |  17 |   16 |    11
 dce.seriea  |     9 |  17 |   17 |    48
 dce.fivb    |     9 |  17 |   17 |    73
 dce.ssport  |     9 |  17 |   17 |    18
 dce.imgott  |     9 |  17 |   17 |    10
 dce.ssport  |     9 |  17 |   18 |    27
 dce.fivb    |     9 |  17 |   18 |    71
 dce.imgott  |     9 |  17 |   18 |     8
 dce.seriea  |     9 |  17 |   18 |    36
 dce.ssport  |     9 |  17 |   19 |    16
 dce.seriea  |     9 |  17 |   19 |    26
 dce.imgott  |     9 |  17 |   19 |    15
 dce.fivb    |     9 |  17 |   19 |    51
 dce.ssport  |     9 |  17 |   20 |    20
 dce.fivb    |     9 |  17 |   20 |    21
 dce.imgott  |     9 |  17 |   20 |     8
 dce.seriea  |     9 |  17 |   20 |    13
 dce.ssport  |     9 |  17 |   21 |    16
 dce.fivb    |     9 |  17 |   21 |    26
 dce.seriea  |     9 |  17 |   21 |     9
 dce.imgott  |     9 |  17 |   21 |     2
 dce.seriea  |     9 |  17 |   22 |     9
 dce.fivb    |     9 |  17 |   22 |     9
 dce.ssport  |     9 |  17 |   22 |     7
 dce.imgott  |     9 |  17 |   22 |     2
 dce.seriea  |     9 |  17 |   23 |    22
 dce.fivb    |     9 |  17 |   23 |     8
 dce.ssport  |     9 |  17 |   23 |     4
 dce.ssport  |     9 |  18 |    0 |     9
 dce.seriea  |     9 |  18 |    0 |    26
 dce.fivb    |     9 |  18 |    0 |     5
 dce.seriea  |     9 |  18 |    1 |    31
 dce.fivb    |     9 |  18 |    1 |     4
 dce.ssport  |     9 |  18 |    1 |     3
 dce.seriea  |     9 |  18 |    2 |    26
 dce.fivb    |     9 |  18 |    2 |     9
 dce.fivb    |     9 |  18 |    3 |     3
 dce.seriea  |     9 |  18 |    3 |    26
 dce.ssport  |     9 |  18 |    3 |     1
 dce.seriea  |     9 |  18 |    4 |    17
 dce.ssport  |     9 |  18 |    4 |     5
 dce.fivb    |     9 |  18 |    4 |     3
 dce.imgott  |     9 |  18 |    4 |     3
 dce.fivb    |     9 |  18 |    5 |     3
 dce.imgott  |     9 |  18 |    5 |     1
 dce.seriea  |     9 |  18 |    5 |     8
 dce.ssport  |     9 |  18 |    5 |     4
 dce.fivb    |     9 |  18 |    6 |     7
 dce.seriea  |     9 |  18 |    6 |     5
 dce.ssport  |     9 |  18 |    6 |    17
 dce.imgott  |     9 |  18 |    6 |     7
 dce.ssport  |     9 |  18 |    7 |    13
 dce.imgott  |     9 |  18 |    7 |     7
 dce.fivb    |     9 |  18 |    7 |     7
 dce.seriea  |     9 |  18 |    7 |     3
 test-dve    |     9 |  18 |    7 |     1
 dce.ssport  |     9 |  18 |    8 |    13
 dce.imgott  |     9 |  18 |    8 |     4
 test-dve    |     9 |  18 |    8 |     1
 dce.seriea  |     9 |  18 |    8 |     5
 dce.fivb    |     9 |  18 |    8 |     2
 dce.ssport  |     9 |  18 |    9 |    18
 dce.fivb    |     9 |  18 |    9 |    10
 dce.seriea  |     9 |  18 |    9 |     4
 dce.imgott  |     9 |  18 |    9 |     6
 dce.seriea  |     9 |  18 |   10 |    10
 dce.ssport  |     9 |  18 |   10 |    20
 dce.fivb    |     9 |  18 |   10 |     5
 dce.imgott  |     9 |  18 |   10 |     8
 dce.seriea  |     9 |  18 |   11 |    15
 dce.ssport  |     9 |  18 |   11 |    37
 dce.imgott  |     9 |  18 |   11 |     8
 dce.fivb    |     9 |  18 |   11 |    11
 dce.seriea  |     9 |  18 |   12 |    17
 dce.ssport  |     9 |  18 |   12 |    22
 dce.fivb    |     9 |  18 |   12 |    12
 dce.imgott  |     9 |  18 |   12 |     8
 dce.seriea  |     9 |  18 |   13 |    18
 dce.imgott  |     9 |  18 |   13 |     8
 dce.ssport  |     9 |  18 |   13 |    21
 dce.sandbox |     9 |  18 |   13 |     1
 dce.fivb    |     9 |  18 |   13 |    16
 dce.imgott  |     9 |  18 |   14 |     8
 dce.ssport  |     9 |  18 |   14 |    14
 dce.fivb    |     9 |  18 |   14 |    33
 dce.seriea  |     9 |  18 |   14 |    20
 dce.epl     |     9 |  18 |   14 |     1
 dce.fivb    |     9 |  18 |   15 |    35
 dce.seriea  |     9 |  18 |   15 |    15
 dce.ssport  |     9 |  18 |   15 |    23
 dce.imgott  |     9 |  18 |   15 |     8
 dce.imgott  |     9 |  18 |   16 |    17
 dce.seriea  |     9 |  18 |   16 |    17
 dce.fivb    |     9 |  18 |   16 |    27
 dce.ssport  |     9 |  18 |   16 |    12
 dce.epl     |     9 |  18 |   16 |     1
 dce.fivb    |     9 |  18 |   17 |    66
 dce.ssport  |     9 |  18 |   17 |    11
 dce.imgott  |     9 |  18 |   17 |    19
 dce.seriea  |     9 |  18 |   17 |    17
 dce.fivb    |     9 |  18 |   18 |    57
 dce.ssport  |     9 |  18 |   18 |    22
 dce.seriea  |     9 |  18 |   18 |    10
 dce.imgott  |     9 |  18 |   18 |    14
 dce.ssport  |     9 |  18 |   19 |    13
 dce.fivb    |     9 |  18 |   19 |    81
 dce.imgott  |     9 |  18 |   19 |    21
 dce.seriea  |     9 |  18 |   19 |     7
 dce.fivb    |     9 |  18 |   20 |    52
 dce.seriea  |     9 |  18 |   20 |     7
 dce.imgott  |     9 |  18 |   20 |     7
 dce.ssport  |     9 |  18 |   20 |     6
 dce.imgott  |     9 |  18 |   21 |     8
 dce.fivb    |     9 |  18 |   21 |    25
 dce.seriea  |     9 |  18 |   21 |    12
 dce.ssport  |     9 |  18 |   21 |    11
 dce.seriea  |     9 |  18 |   22 |    14
 dce.fivb    |     9 |  18 |   22 |     4
 dce.ssport  |     9 |  18 |   22 |    11
 dce.imgott  |     9 |  18 |   22 |     1
 dce.seriea  |     9 |  18 |   23 |    11
 dce.ssport  |     9 |  18 |   23 |     6
 dce.fivb    |     9 |  18 |   23 |     5
 dce.imgott  |     9 |  18 |   23 |     2
 dce.ssport  |     9 |  19 |    0 |     4
 dce.fivb    |     9 |  19 |    0 |     5
 dce.imgott  |     9 |  19 |    0 |     1
 dce.seriea  |     9 |  19 |    0 |    15
 dce.ssport  |     9 |  19 |    1 |     2
 dce.seriea  |     9 |  19 |    1 |    18
 dce.fivb    |     9 |  19 |    1 |     3
 dce.seriea  |     9 |  19 |    2 |    12
 dce.fivb    |     9 |  19 |    2 |     5
 dce.imgott  |     9 |  19 |    2 |     1
 dce.seriea  |     9 |  19 |    3 |    15
 dce.fivb    |     9 |  19 |    3 |     5
 dce.ssport  |     9 |  19 |    3 |     2
 dce.ssport  |     9 |  19 |    4 |     5
 dce.fivb    |     9 |  19 |    4 |     4
 dce.seriea  |     9 |  19 |    4 |    13
 dce.imgott  |     9 |  19 |    4 |     1
 dce.seriea  |     9 |  19 |    5 |     6
 dce.imgott  |     9 |  19 |    5 |     5
 dce.fivb    |     9 |  19 |    5 |     8
 dce.ssport  |     9 |  19 |    5 |     1
 dce.fivb    |     9 |  19 |    6 |     2
 dce.imgott  |     9 |  19 |    6 |     2
 dce.ssport  |     9 |  19 |    6 |     7
 dce.seriea  |     9 |  19 |    6 |     4
 dce.sandbox |     9 |  19 |    6 |     1
 dce.ssport  |     9 |  19 |    7 |     9
 dce.imgott  |     9 |  19 |    7 |     3
 dce.fivb    |     9 |  19 |    7 |     9
 dce.fivb    |     9 |  19 |    8 |    10
 dce.seriea  |     9 |  19 |    8 |     3
 dce.imgott  |     9 |  19 |    8 |     4
 dce.ssport  |     9 |  19 |    8 |     9
 dce.ssport  |     9 |  19 |    9 |    10
 dce.imgott  |     9 |  19 |    9 |    10
 dce.fivb    |     9 |  19 |    9 |     5
 dce.seriea  |     9 |  19 |    9 |     4
 dce.sandbox |     9 |  19 |    9 |     1
 dce.imgott  |     9 |  19 |   10 |     5
 dce.ssport  |     9 |  19 |   10 |    13
 dce.fivb    |     9 |  19 |   10 |    14
 dce.seriea  |     9 |  19 |   10 |     9
 dce.sandbox |     9 |  19 |   10 |     1
 prod-dve    |     9 |  19 |   11 |     1
 dce.imgott  |     9 |  19 |   11 |     9
 dce.seriea  |     9 |  19 |   11 |    14
 dce.ssport  |     9 |  19 |   11 |    13
 dce.sandbox |     9 |  19 |   11 |     1
 dce.fivb    |     9 |  19 |   11 |     5
 dce.ssport  |     9 |  19 |   12 |     8
 dce.imgott  |     9 |  19 |   12 |     5
 dce.fivb    |     9 |  19 |   12 |    11
 dce.seriea  |     9 |  19 |   12 |     8
 dce.epl     |     9 |  19 |   12 |     1
 dce.ssport  |     9 |  19 |   13 |    14
 dce.imgott  |     9 |  19 |   13 |     5
 dce.fivb    |     9 |  19 |   13 |    14
 dce.seriea  |     9 |  19 |   13 |     9
 dce.ssport  |     9 |  19 |   14 |     9
 dce.seriea  |     9 |  19 |   14 |    10
 dce.fivb    |     9 |  19 |   14 |     8
 dce.imgott  |     9 |  19 |   14 |    11
 dce.ssport  |     9 |  19 |   15 |    14
 dce.seriea  |     9 |  19 |   15 |    12
 dce.fivb    |     9 |  19 |   15 |    13
 dce.imgott  |     9 |  19 |   15 |     4
 dce.imgott  |     9 |  19 |   16 |    23
 dce.fivb    |     9 |  19 |   16 |     8
 dce.ssport  |     9 |  19 |   16 |    15
 dce.seriea  |     9 |  19 |   16 |     9
 dce.ssport  |     9 |  19 |   17 |    19
 dce.seriea  |     9 |  19 |   17 |     9
 dce.fivb    |     9 |  19 |   17 |    12
 dce.imgott  |     9 |  19 |   17 |    17
 dce.ssport  |     9 |  19 |   18 |    26
 dce.imgott  |     9 |  19 |   18 |    17
 dce.seriea  |     9 |  19 |   18 |    12
 dce.fivb    |     9 |  19 |   18 |    10
 dce.imgott  |     9 |  19 |   19 |    20
 dce.ssport  |     9 |  19 |   19 |    26
 dce.fivb    |     9 |  19 |   19 |    10
 dce.seriea  |     9 |  19 |   19 |    15
 dce.fivb    |     9 |  19 |   20 |    11
 dce.imgott  |     9 |  19 |   20 |     3
 dce.seriea  |     9 |  19 |   20 |     8
 dce.ssport  |     9 |  19 |   20 |    15
 dce.ssport  |     9 |  19 |   21 |    15
 dce.imgott  |     9 |  19 |   21 |     2
 dce.fivb    |     9 |  19 |   21 |     4
 dce.seriea  |     9 |  19 |   21 |     2
 dce.imgott  |     9 |  19 |   22 |     1
 dce.ssport  |     9 |  19 |   22 |    12
 dce.fivb    |     9 |  19 |   22 |     6
 dce.seriea  |     9 |  19 |   22 |     5
 dce.ssport  |     9 |  19 |   23 |     7
 dce.fivb    |     9 |  19 |   23 |     7
 dce.seriea  |     9 |  19 |   23 |     5
 dce.imgott  |     9 |  19 |   23 |     2
 dce.ssport  |     9 |  20 |    0 |     1
(1774 rows)

